-- -------------------------------------------------------------
-- TablePlus 3.11.0(352)
--
-- https://tableplus.com/
--
-- Database: tbd
-- Generation Time: 2020-11-22 22:30:56.5140
-- -------------------------------------------------------------


DROP TABLE IF EXISTS "public"."emergencies";
-- This script only contains the table creation statements and does not fully represent the table in the database. It's still missing: indices, triggers. Do not use it as a backup.

-- Sequence and defined type
CREATE SEQUENCE IF NOT EXISTS emergencies_id_seq;

-- Table Definition
CREATE TABLE "public"."emergencies" (
    "id" int4 NOT NULL DEFAULT nextval('emergencies_id_seq'::regclass),
    "id_status" int4 NOT NULL,
    "name" varchar(100),
    "description" varchar(255),
    "start_date" date,
    "final_date" date,
    "id_institution" int4 NOT NULL,
    "created_at" timestamp,
    "deleted" bool NOT NULL DEFAULT false,
    PRIMARY KEY ("id")
);

DROP TABLE IF EXISTS "public"."emergency_skills";
-- This script only contains the table creation statements and does not fully represent the table in the database. It's still missing: indices, triggers. Do not use it as a backup.

-- Sequence and defined type
CREATE SEQUENCE IF NOT EXISTS emergency_skills_id_seq;

-- Table Definition
CREATE TABLE "public"."emergency_skills" (
    "id" int4 NOT NULL DEFAULT nextval('emergency_skills_id_seq'::regclass),
    "id_emergency" int4 NOT NULL,
    "id_skill" int4 NOT NULL,
    "deleted" bool NOT NULL DEFAULT false,
    PRIMARY KEY ("id")
);

DROP TABLE IF EXISTS "public"."emergency_skills_tasks";
-- This script only contains the table creation statements and does not fully represent the table in the database. It's still missing: indices, triggers. Do not use it as a backup.

-- Sequence and defined type
CREATE SEQUENCE IF NOT EXISTS emergency_skills_tasks_id_seq;

-- Table Definition
CREATE TABLE "public"."emergency_skills_tasks" (
    "id" int4 NOT NULL DEFAULT nextval('emergency_skills_tasks_id_seq'::regclass),
    "id_eme_skills" int4 NOT NULL,
    "id_task" int4 NOT NULL,
    "deleted" bool NOT NULL DEFAULT false,
    PRIMARY KEY ("id")
);

DROP TABLE IF EXISTS "public"."institutions";
-- This script only contains the table creation statements and does not fully represent the table in the database. It's still missing: indices, triggers. Do not use it as a backup.

-- Sequence and defined type
CREATE SEQUENCE IF NOT EXISTS institutions_id_seq;

-- Table Definition
CREATE TABLE "public"."institutions" (
    "id" int4 NOT NULL DEFAULT nextval('institutions_id_seq'::regclass),
    "name" varchar(100),
    "deleted" bool NOT NULL DEFAULT false,
    PRIMARY KEY ("id")
);

DROP TABLE IF EXISTS "public"."rankings";
-- This script only contains the table creation statements and does not fully represent the table in the database. It's still missing: indices, triggers. Do not use it as a backup.

-- Sequence and defined type
CREATE SEQUENCE IF NOT EXISTS rankings_id_seq;

-- Table Definition
CREATE TABLE "public"."rankings" (
    "id" int4 NOT NULL DEFAULT nextval('rankings_id_seq'::regclass),
    "score" int4,
    "flg_invited" bool,
    "flg_participates" bool,
    "id_task" int4 NOT NULL,
    "id_volunteer" int4 NOT NULL,
    "deleted" bool NOT NULL DEFAULT false,
    PRIMARY KEY ("id")
);

DROP TABLE IF EXISTS "public"."skills";
-- This script only contains the table creation statements and does not fully represent the table in the database. It's still missing: indices, triggers. Do not use it as a backup.

-- Sequence and defined type
CREATE SEQUENCE IF NOT EXISTS skills_id_seq;

-- Table Definition
CREATE TABLE "public"."skills" (
    "id" int4 NOT NULL DEFAULT nextval('skills_id_seq'::regclass),
    "name" varchar(25),
    "description" varchar(255),
    "deleted" bool NOT NULL DEFAULT false,
    PRIMARY KEY ("id")
);

DROP TABLE IF EXISTS "public"."status";
-- This script only contains the table creation statements and does not fully represent the table in the database. It's still missing: indices, triggers. Do not use it as a backup.

-- Sequence and defined type
CREATE SEQUENCE IF NOT EXISTS status_id_seq;

-- Table Definition
CREATE TABLE "public"."status" (
    "id" int4 NOT NULL DEFAULT nextval('status_id_seq'::regclass),
    "description" varchar(20),
    "deleted" bool NOT NULL DEFAULT false,
    PRIMARY KEY ("id")
);

DROP TABLE IF EXISTS "public"."task_update";
-- This script only contains the table creation statements and does not fully represent the table in the database. It's still missing: indices, triggers. Do not use it as a backup.

-- Sequence and defined type
CREATE SEQUENCE IF NOT EXISTS task_update_id_seq;

-- Table Definition
CREATE TABLE "public"."task_update" (
    "id" int4 NOT NULL DEFAULT nextval('task_update_id_seq'::regclass),
    "created_at" timestamp,
    "description" varchar(255),
    "id_task" int4 NOT NULL,
    "deleted" bool NOT NULL DEFAULT false,
    PRIMARY KEY ("id")
);

DROP TABLE IF EXISTS "public"."tasks";
-- This script only contains the table creation statements and does not fully represent the table in the database. It's still missing: indices, triggers. Do not use it as a backup.

-- Sequence and defined type
CREATE SEQUENCE IF NOT EXISTS tasks_id_seq;

-- Table Definition
CREATE TABLE "public"."tasks" (
    "id" int4 NOT NULL DEFAULT nextval('tasks_id_seq'::regclass),
    "name" varchar(100),
    "description" varchar(255),
    "volunteer_required" int4,
    "volunteer_registered" int4,
    "start_date" date,
    "final_date" date,
    "created_at" timestamp NOT NULL,
    "id_status" int4 NOT NULL,
    "id_emergency" int4 NOT NULL,
    "deleted" bool NOT NULL DEFAULT false,
    PRIMARY KEY ("id")
);

DROP TABLE IF EXISTS "public"."users";
-- This script only contains the table creation statements and does not fully represent the table in the database. It's still missing: indices, triggers. Do not use it as a backup.

-- Sequence and defined type
CREATE SEQUENCE IF NOT EXISTS users_id_seq;

-- Table Definition
CREATE TABLE "public"."users" (
    "id" int4 NOT NULL DEFAULT nextval('users_id_seq'::regclass),
    "rut" varchar(10) NOT NULL,
    "first_name" varchar(100) NOT NULL,
    "email" varchar(100) NOT NULL,
    "password" varchar(26) NOT NULL,
    "last_name" varchar(100),
    "phone" varchar(10),
    "age" int4 NOT NULL,
    "deleted" bool NOT NULL DEFAULT false,
    PRIMARY KEY ("id")
);

DROP TABLE IF EXISTS "public"."volunteers";
-- This script only contains the table creation statements and does not fully represent the table in the database. It's still missing: indices, triggers. Do not use it as a backup.

-- Sequence and defined type
CREATE SEQUENCE IF NOT EXISTS volunteers_id_seq;

-- Table Definition
CREATE TABLE "public"."volunteers" (
    "id" int4 NOT NULL DEFAULT nextval('volunteers_id_seq'::regclass),
    "id_user" int4 NOT NULL,
    "deleted" bool NOT NULL DEFAULT false,
    PRIMARY KEY ("id")
);

DROP TABLE IF EXISTS "public"."volunteers_skills";
-- This script only contains the table creation statements and does not fully represent the table in the database. It's still missing: indices, triggers. Do not use it as a backup.

-- Sequence and defined type
CREATE SEQUENCE IF NOT EXISTS volunteers_skills_id_seq;

-- Table Definition
CREATE TABLE "public"."volunteers_skills" (
    "id" int4 NOT NULL DEFAULT nextval('volunteers_skills_id_seq'::regclass),
    "id_volunteer" int4 NOT NULL,
    "id_skill" int4 NOT NULL,
    "deleted" bool NOT NULL DEFAULT false,
    PRIMARY KEY ("id")
);

INSERT INTO "public"."emergencies" ("id", "id_status", "name", "description", "start_date", "final_date", "id_institution", "created_at", "deleted") VALUES
('1', '1', 'Incendio', 'no tengo idea', '2012-04-23', '2012-04-26', '1', NULL, 'f'),
('2', '1', 'Reciclaje', 'no tengo idea', '2012-04-23', '2012-04-26', '2', NULL, 'f'),
('3', '3', 'Incendio forestal', 'no tengo idea', '2012-04-23', '2012-04-26', '3', NULL, 'f'),
('4', '4', 'Limpieza de playa', 'no tengo idea', '2012-04-23', '2012-04-26', '4', NULL, 'f'),
('5', '4', 'Limpieza de playaaaaaa', 'no tengo idea', '2012-04-23', '2012-04-26', '4', NULL, 'f'),
('6', '4', 'limpieza de OCEANO', 'no tengo idea', '2012-04-23', '2012-04-26', '4', '2020-11-21 01:34:25.74402', 't'),
('9', '1', 'Limpieza de escombros', 'ta dificil', '2012-04-23', '2012-04-26', '4', '2020-11-21 01:58:34.032446', 'f'),
('10', '2', 'Persistentflower Phacelia', 'Integer a nibh. In quis justo. Maecenas rhoncus aliquam lacus.', '2020-12-08', '2021-01-07', '51', NULL, 'f'),
('11', '1', 'Grimmia Dry Rock Moss', 'Maecenas rhoncus aliquam lacus. Morbi quis tortor id nulla ultrices aliquet.', '2020-11-26', '2021-01-16', '47', NULL, 'f'),
('12', '1', 'Zelometeorium Moss', 'Nunc rhoncus dui vel sem. Sed sagittis. Nam congue, risus semper porta volutpat, quam pede lobortis ligula, sit amet eleifend pede libero quis orci. Nullam molestie nibh in lectus. Pellentesque at nulla. Suspendisse potenti.', '2020-12-04', '2020-12-25', '46', NULL, 'f'),
('13', '1', 'Gypsum Blazingstar', 'Suspendisse potenti.', '2020-12-03', '2021-01-14', '46', NULL, 'f'),
('14', '1', 'Orange Agoseris', 'Nulla ut erat id mauris vulputate elementum. Nullam varius. Nulla facilisi. Cras non velit nec nisi vulputate nonummy. Maecenas tincidunt lacus at velit.', '2020-12-04', '2021-01-20', '60', NULL, 'f'),
('15', '1', 'Fiestaflower', 'In hac habitasse platea dictumst. Maecenas ut massa quis augue luctus tincidunt.', '2020-11-26', '2021-01-18', '93', NULL, 'f'),
('16', '4', 'Boynton Sand Post Oak', 'Phasellus sit amet erat. Nulla tempus. Vivamus in felis eu sapien cursus vestibulum.', '2020-12-19', '2021-01-05', '15', NULL, 'f'),
('17', '4', 'Drooping Juniper', 'Nullam molestie nibh in lectus.', '2020-12-14', '2020-12-26', '64', NULL, 'f'),
('18', '4', 'Nutrush', 'In est risus, auctor sed, tristique in, tempus sit amet, sem. Fusce consequat. Nulla nisl. Nunc nisl. Duis bibendum, felis sed interdum venenatis, turpis enim blandit mi, in porttitor pede justo eu massa.', '2020-12-12', '2021-01-03', '78', NULL, 'f'),
('19', '4', 'Nettleleaf Giant Hyssop', 'Donec vitae nisi. Nam ultrices, libero non mattis pulvinar, nulla pede ullamcorper augue, a suscipit nulla elit ac nulla.', '2020-12-02', '2021-01-12', '26', NULL, 'f'),
('20', '1', 'Island Glorybush', 'Nunc purus. Phasellus in felis. Donec semper sapien a libero. Nam dui. Proin leo odio, porttitor id, consequat in, consequat ut, nulla.', '2020-11-22', '2021-01-13', '20', NULL, 'f'),
('21', '4', 'Guyandotte Beauty', 'Donec vitae nisi. Nam ultrices, libero non mattis pulvinar, nulla pede ullamcorper augue, a suscipit nulla elit ac nulla. Sed vel enim sit amet nunc viverra dapibus. Nulla suscipit ligula in lacus.', '2020-12-09', '2021-01-04', '63', NULL, 'f'),
('22', '2', 'Mound Saltbush', 'Nunc purus. Phasellus in felis. Donec semper sapien a libero. Nam dui. Proin leo odio, porttitor id, consequat in, consequat ut, nulla. Sed accumsan felis. Ut at dolor quis odio consequat varius. Integer ac leo.', '2020-12-03', '2021-01-13', '70', NULL, 'f'),
('23', '2', 'St. Jacob Texosporium Lichen', 'Nam nulla. Integer pede justo, lacinia eget, tincidunt eget, tempus vel, pede. Morbi porttitor lorem id ligula. Suspendisse ornare consequat lectus. In est risus, auctor sed, tristique in, tempus sit amet, sem. Fusce consequat. Nulla nisl.', '2020-11-27', '2021-01-18', '85', NULL, 'f'),
('24', '3', 'Fescue Sedge', 'Vivamus in felis eu sapien cursus vestibulum. Proin eu mi. Nulla ac enim. In tempor, turpis nec euismod scelerisque, quam turpis adipiscing lorem, vitae mattis nibh ligula nec sem.', '2020-11-30', '2021-01-08', '42', NULL, 'f'),
('25', '1', 'Cream Pincushions', 'Fusce congue, diam id ornare imperdiet, sapien urna pretium nisl, ut volutpat sapien arcu sed augue. Aliquam erat volutpat. In congue. Etiam justo.', '2020-11-29', '2021-01-10', '26', NULL, 'f'),
('26', '4', 'Sharpleaf Valerian', 'Etiam faucibus cursus urna. Ut tellus. Nulla ut erat id mauris vulputate elementum. Nullam varius. Nulla facilisi.', '2020-12-05', '2020-12-24', '92', NULL, 'f'),
('27', '1', 'Mountain Valerian', 'Duis mattis egestas metus. Aenean fermentum.', '2020-12-01', '2021-01-02', '56', NULL, 'f'),
('28', '4', 'Manyleaf Mousetail', 'Curabitur at ipsum ac tellus semper interdum. Mauris ullamcorper purus sit amet nulla. Quisque arcu libero, rutrum ac, lobortis vel, dapibus at, diam.', '2020-12-10', '2020-12-30', '73', NULL, 'f'),
('29', '3', 'Northeastern Saltbush', 'In tempor, turpis nec euismod scelerisque, quam turpis adipiscing lorem, vitae mattis nibh ligula nec sem. Duis aliquam convallis nunc.', '2020-11-26', '2020-12-27', '60', NULL, 'f'),
('30', '2', 'Johnson''s Seagrass', 'Morbi non lectus. Aliquam sit amet diam in magna bibendum imperdiet. Nullam orci pede, venenatis non, sodales sed, tincidunt eu, felis.', '2020-11-30', '2021-01-09', '77', NULL, 'f'),
('31', '3', 'Caliche Globemallow', 'Duis at velit eu est congue elementum. In hac habitasse platea dictumst. Morbi vestibulum, velit id pretium iaculis, diam erat fermentum justo, nec condimentum neque sapien placerat ante.', '2020-12-16', '2021-01-13', '96', NULL, 'f'),
('32', '1', '''ekoko', 'In hac habitasse platea dictumst. Maecenas ut massa quis augue luctus tincidunt. Nulla mollis molestie lorem. Quisque ut erat.', '2020-12-17', '2020-12-31', '90', NULL, 'f'),
('33', '1', 'Tweedy''s Ticktrefoil', 'Integer a nibh. In quis justo. Maecenas rhoncus aliquam lacus.', '2020-12-14', '2021-01-03', '58', NULL, 'f'),
('34', '4', 'Singlespike Peperomia', 'Fusce lacus purus, aliquet at, feugiat non, pretium quis, lectus. Suspendisse potenti. In eleifend quam a odio. In hac habitasse platea dictumst. Maecenas ut massa quis augue luctus tincidunt. Nulla mollis molestie lorem. Quisque ut erat.', '2020-11-23', '2021-01-19', '104', NULL, 'f'),
('35', '1', 'Twoflower Melicgrass', 'Praesent id massa id nisl venenatis lacinia. Aenean sit amet justo. Morbi ut odio. Cras mi pede, malesuada in, imperdiet et, commodo vulputate, justo. In blandit ultrices enim. Lorem ipsum dolor sit amet, consectetuer adipiscing elit.', '2020-12-03', '2020-12-27', '104', NULL, 'f'),
('36', '1', 'Packard''s Blazingstar', 'Etiam pretium iaculis justo. In hac habitasse platea dictumst. Etiam faucibus cursus urna. Ut tellus. Nulla ut erat id mauris vulputate elementum. Nullam varius. Nulla facilisi. Cras non velit nec nisi vulputate nonummy.', '2020-11-26', '2021-01-18', '8', NULL, 'f'),
('37', '4', 'Imbricate Phacelia', 'Suspendisse potenti. In eleifend quam a odio. In hac habitasse platea dictumst. Maecenas ut massa quis augue luctus tincidunt. Nulla mollis molestie lorem. Quisque ut erat. Curabitur gravida nisi at nibh. In hac habitasse platea dictumst.', '2020-12-07', '2021-01-07', '23', NULL, 'f'),
('38', '4', 'Kilauea Mauna Cyanea', 'Mauris lacinia sapien quis libero.', '2020-12-08', '2021-01-03', '29', NULL, 'f'),
('39', '1', 'Astomum Moss', 'Nam congue, risus semper porta volutpat, quam pede lobortis ligula, sit amet eleifend pede libero quis orci.', '2020-12-16', '2021-01-02', '56', NULL, 'f'),
('40', '2', 'White Beaksedge', 'Vivamus in felis eu sapien cursus vestibulum. Proin eu mi.', '2020-12-02', '2021-01-17', '17', NULL, 'f'),
('41', '3', 'Small Archidium Moss', 'Praesent blandit lacinia erat. Vestibulum sed magna at nunc commodo placerat. Praesent blandit. Nam nulla. Integer pede justo, lacinia eget, tincidunt eget, tempus vel, pede. Morbi porttitor lorem id ligula. Suspendisse ornare consequat lectus.', '2020-12-11', '2021-01-03', '68', NULL, 'f'),
('42', '1', 'Sawgrass', 'Nulla justo.', '2020-12-17', '2021-01-17', '50', NULL, 'f'),
('43', '2', 'Cyrtandra', 'Etiam vel augue. Vestibulum rutrum rutrum neque. Aenean auctor gravida sem. Praesent id massa id nisl venenatis lacinia. Aenean sit amet justo. Morbi ut odio. Cras mi pede, malesuada in, imperdiet et, commodo vulputate, justo. In blandit ultrices enim.', '2020-12-20', '2020-12-23', '58', NULL, 'f'),
('44', '2', 'Wingnut Cryptantha', 'Fusce consequat.', '2020-12-16', '2020-12-27', '102', NULL, 'f'),
('45', '3', 'Little Purple Monkeyflower', 'Nulla nisl. Nunc nisl. Duis bibendum, felis sed interdum venenatis, turpis enim blandit mi, in porttitor pede justo eu massa. Donec dapibus. Duis at velit eu est congue elementum. In hac habitasse platea dictumst.', '2020-12-08', '2021-01-15', '64', NULL, 'f'),
('46', '4', 'Gardenia', 'Quisque erat eros, viverra eget, congue eget, semper rutrum, nulla. Nunc purus.', '2020-11-27', '2021-01-16', '99', NULL, 'f'),
('47', '2', 'Littleleaf Stenogyne', 'Nam dui. Proin leo odio, porttitor id, consequat in, consequat ut, nulla. Sed accumsan felis.', '2020-12-18', '2021-01-16', '69', NULL, 'f'),
('48', '2', 'Southern Annual Saltmarsh Aster', 'In eleifend quam a odio. In hac habitasse platea dictumst. Maecenas ut massa quis augue luctus tincidunt. Nulla mollis molestie lorem.', '2020-11-28', '2021-01-16', '29', NULL, 'f'),
('49', '3', 'Sierra False Bindweed', 'Phasellus sit amet erat. Nulla tempus. Vivamus in felis eu sapien cursus vestibulum. Proin eu mi. Nulla ac enim.', '2020-11-23', '2021-01-17', '104', NULL, 'f'),
('50', '3', 'Gregg''s Ash', 'Integer a nibh. In quis justo. Maecenas rhoncus aliquam lacus. Morbi quis tortor id nulla ultrices aliquet.', '2020-12-06', '2020-12-28', '22', NULL, 'f'),
('51', '1', 'Trimezia', 'Nam congue, risus semper porta volutpat, quam pede lobortis ligula, sit amet eleifend pede libero quis orci. Nullam molestie nibh in lectus. Pellentesque at nulla.', '2020-12-11', '2021-01-05', '82', NULL, 'f'),
('52', '2', 'Onespike Beaksedge', 'Praesent id massa id nisl venenatis lacinia. Aenean sit amet justo. Morbi ut odio.', '2020-11-23', '2020-12-29', '11', NULL, 'f'),
('53', '3', 'Zion Chickensage', 'Suspendisse accumsan tortor quis turpis. Sed ante.', '2020-12-09', '2021-01-12', '42', NULL, 'f'),
('54', '2', 'New Mexico Rim Lichen', 'Morbi sem mauris, laoreet ut, rhoncus aliquet, pulvinar sed, nisl.', '2020-12-05', '2021-01-04', '40', NULL, 'f'),
('55', '3', 'Slender Wild Cabbage', 'Praesent blandit lacinia erat.', '2020-12-13', '2021-01-11', '60', NULL, 'f'),
('56', '1', 'Martin''s Ceanothus', 'Nam ultrices, libero non mattis pulvinar, nulla pede ullamcorper augue, a suscipit nulla elit ac nulla. Sed vel enim sit amet nunc viverra dapibus.', '2020-11-23', '2021-01-15', '89', NULL, 'f'),
('57', '1', 'Purple Foxglove', 'Suspendisse accumsan tortor quis turpis. Sed ante. Vivamus tortor. Duis mattis egestas metus. Aenean fermentum.', '2020-11-25', '2021-01-06', '47', NULL, 'f'),
('58', '1', 'Lepianthes', 'Vivamus vel nulla eget eros elementum pellentesque. Quisque porta volutpat erat. Quisque erat eros, viverra eget, congue eget, semper rutrum, nulla. Nunc purus.', '2020-12-10', '2021-01-04', '28', NULL, 'f'),
('59', '4', 'Pale Evening Primrose', 'Nulla facilisi.', '2020-11-25', '2021-01-01', '19', NULL, 'f'),
('60', '4', 'Twolobe Dutchman''s Pipe', 'Morbi a ipsum. Integer a nibh. In quis justo. Maecenas rhoncus aliquam lacus. Morbi quis tortor id nulla ultrices aliquet. Maecenas leo odio, condimentum id, luctus nec, molestie sed, justo.', '2020-11-28', '2020-12-23', '96', NULL, 'f'),
('61', '1', 'Redberry Stopper', 'Etiam faucibus cursus urna. Ut tellus. Nulla ut erat id mauris vulputate elementum. Nullam varius. Nulla facilisi. Cras non velit nec nisi vulputate nonummy. Maecenas tincidunt lacus at velit.', '2020-11-30', '2020-12-24', '87', NULL, 'f'),
('62', '3', 'Broadleaf Bamboo', 'Etiam pretium iaculis justo. In hac habitasse platea dictumst. Etiam faucibus cursus urna. Ut tellus. Nulla ut erat id mauris vulputate elementum.', '2020-12-16', '2020-12-26', '12', NULL, 'f'),
('63', '4', 'Elliott''s Bentgrass', 'Nullam varius. Nulla facilisi. Cras non velit nec nisi vulputate nonummy.', '2020-12-13', '2021-01-12', '48', NULL, 'f'),
('64', '1', 'False Christmas Cactus', 'Suspendisse accumsan tortor quis turpis. Sed ante. Vivamus tortor. Duis mattis egestas metus. Aenean fermentum. Donec ut mauris eget massa tempor convallis.', '2020-12-01', '2021-01-14', '19', NULL, 'f');

INSERT INTO "public"."emergency_skills" ("id", "id_emergency", "id_skill", "deleted") VALUES
('7', '13', '28', 'f'),
('8', '46', '18', 'f'),
('9', '44', '35', 'f'),
('10', '28', '30', 'f'),
('12', '23', '3', 'f'),
('13', '1', '15', 'f'),
('14', '9', '10', 'f'),
('15', '13', '41', 'f'),
('16', '41', '11', 'f'),
('18', '4', '18', 'f'),
('19', '32', '50', 'f'),
('20', '3', '22', 'f'),
('21', '12', '33', 'f'),
('22', '42', '18', 'f'),
('24', '23', '24', 'f'),
('25', '28', '6', 'f'),
('26', '24', '27', 'f'),
('27', '1', '38', 'f'),
('28', '25', '13', 'f'),
('29', '9', '44', 'f'),
('30', '16', '43', 'f'),
('31', '25', '6', 'f'),
('32', '49', '26', 'f'),
('33', '3', '23', 'f'),
('35', '14', '30', 'f'),
('36', '11', '15', 'f'),
('37', '33', '3', 'f'),
('38', '9', '44', 'f'),
('39', '2', '41', 'f'),
('40', '10', '17', 'f'),
('41', '39', '30', 'f'),
('42', '1', '47', 'f'),
('44', '16', '39', 'f'),
('45', '35', '26', 'f'),
('46', '10', '39', 'f'),
('47', '33', '29', 'f'),
('48', '29', '3', 'f'),
('49', '2', '8', 'f'),
('50', '20', '14', 'f'),
('51', '19', '44', 'f'),
('52', '33', '25', 'f'),
('53', '43', '18', 'f'),
('54', '2', '3', 'f'),
('55', '25', '31', 'f'),
('56', '43', '26', 'f'),
('57', '28', '50', 'f'),
('58', '6', '49', 'f'),
('59', '34', '20', 'f'),
('60', '33', '43', 'f'),
('61', '29', '16', 'f'),
('62', '12', '29', 'f'),
('64', '28', '47', 'f'),
('65', '38', '12', 'f'),
('66', '5', '26', 'f'),
('67', '37', '17', 'f'),
('68', '22', '36', 'f'),
('69', '36', '19', 'f'),
('70', '3', '45', 'f'),
('71', '35', '31', 'f'),
('72', '30', '36', 'f'),
('73', '4', '32', 'f'),
('74', '20', '5', 'f'),
('75', '1', '11', 'f'),
('76', '20', '26', 'f'),
('77', '45', '36', 'f'),
('78', '41', '38', 'f'),
('79', '39', '30', 'f'),
('80', '26', '29', 'f'),
('82', '32', '50', 'f'),
('84', '4', '29', 'f'),
('85', '17', '11', 'f'),
('86', '22', '15', 'f'),
('87', '24', '23', 'f'),
('88', '24', '33', 'f'),
('89', '17', '45', 'f'),
('90', '43', '21', 'f'),
('91', '3', '17', 'f'),
('92', '11', '3', 'f'),
('93', '48', '20', 'f'),
('94', '50', '20', 'f'),
('95', '18', '29', 'f'),
('96', '48', '26', 'f'),
('97', '23', '34', 'f'),
('98', '6', '24', 'f'),
('99', '11', '30', 'f'),
('100', '1', '14', 'f'),
('101', '18', '21', 'f'),
('102', '18', '6', 'f'),
('103', '48', '15', 'f'),
('105', '9', '47', 'f'),
('106', '38', '6', 'f'),
('108', '18', '30', 'f'),
('109', '39', '6', 'f'),
('110', '27', '8', 'f'),
('111', '40', '27', 'f'),
('112', '21', '43', 'f'),
('113', '42', '10', 'f'),
('114', '36', '50', 'f'),
('115', '9', '50', 'f'),
('116', '40', '33', 'f'),
('117', '13', '28', 'f'),
('118', '12', '12', 'f'),
('119', '25', '11', 'f'),
('120', '38', '33', 'f'),
('121', '9', '30', 'f'),
('123', '17', '36', 'f'),
('124', '44', '25', 'f'),
('125', '21', '36', 'f'),
('126', '40', '42', 'f'),
('127', '50', '21', 'f'),
('128', '49', '16', 'f'),
('129', '15', '39', 'f'),
('130', '31', '28', 'f'),
('131', '36', '7', 'f'),
('132', '39', '8', 'f'),
('133', '17', '10', 'f'),
('134', '9', '7', 'f'),
('135', '39', '19', 'f'),
('136', '41', '24', 'f'),
('137', '42', '7', 'f'),
('138', '12', '30', 'f'),
('139', '9', '38', 'f'),
('140', '4', '40', 'f'),
('141', '17', '19', 'f'),
('142', '27', '27', 'f'),
('143', '42', '16', 'f'),
('144', '18', '32', 'f'),
('145', '5', '11', 'f'),
('146', '12', '14', 'f'),
('147', '12', '15', 'f'),
('148', '44', '24', 'f'),
('149', '41', '18', 'f'),
('150', '33', '43', 'f'),
('151', '21', '50', 'f'),
('152', '18', '33', 'f'),
('153', '22', '36', 'f'),
('154', '39', '27', 'f'),
('155', '46', '31', 'f'),
('156', '25', '19', 'f'),
('157', '23', '29', 'f'),
('159', '31', '16', 'f'),
('160', '38', '36', 'f'),
('161', '16', '35', 'f'),
('162', '14', '7', 'f'),
('163', '18', '37', 'f'),
('164', '45', '45', 'f'),
('165', '25', '15', 'f'),
('166', '49', '29', 'f'),
('167', '16', '30', 'f'),
('168', '49', '8', 'f'),
('169', '45', '36', 'f'),
('170', '20', '19', 'f'),
('171', '47', '32', 'f'),
('172', '3', '46', 'f'),
('173', '3', '46', 'f'),
('174', '11', '44', 'f'),
('175', '33', '20', 'f'),
('176', '1', '3', 'f'),
('177', '3', '37', 'f'),
('178', '31', '35', 'f'),
('179', '20', '47', 'f'),
('180', '13', '42', 'f'),
('181', '38', '45', 'f'),
('182', '16', '30', 'f'),
('183', '43', '32', 'f'),
('184', '24', '17', 'f'),
('186', '46', '23', 'f'),
('189', '12', '6', 'f'),
('190', '10', '21', 'f'),
('191', '21', '22', 'f'),
('192', '20', '31', 'f'),
('193', '49', '5', 'f'),
('194', '14', '39', 'f'),
('195', '6', '29', 'f'),
('196', '20', '11', 'f'),
('197', '38', '40', 'f'),
('198', '1', '22', 'f'),
('199', '11', '47', 'f'),
('200', '24', '39', 'f'),
('201', '21', '20', 'f'),
('202', '37', '9', 'f'),
('204', '48', '3', 'f'),
('205', '25', '7', 'f'),
('206', '11', '39', 'f');

INSERT INTO "public"."institutions" ("id", "name", "deleted") VALUES
('1', 'Camila', 'f'),
('2', 'Esteban', 'f'),
('3', 'Gummy', 'f'),
('4', 'Isaac', 'f'),
('5', 'ola', 'f'),
('6', 'o:', 't'),
('7', 'Stoltenberg and Sons', 'f'),
('8', 'Murphy-Feest', 'f'),
('9', 'Goyette Inc', 'f'),
('10', 'Beatty LLC', 'f'),
('11', 'Grimes-Labadie', 'f'),
('12', 'DuBuque-Effertz', 'f'),
('13', 'Reinger Group', 'f'),
('14', 'Rutherford, Hermiston and Haag', 'f'),
('15', 'Hyatt, Shanahan and Wisoky', 'f'),
('16', 'Strosin LLC', 'f'),
('17', 'Powlowski LLC', 'f'),
('18', 'Hodkiewicz LLC', 'f'),
('19', 'Bartoletti LLC', 'f'),
('20', 'Runolfsdottir Inc', 'f'),
('21', 'Bechtelar, Harvey and Schumm', 'f'),
('22', 'Marks-Gleason', 'f'),
('23', 'Lockman LLC', 'f'),
('24', 'Hudson Group', 'f'),
('25', 'Corkery, Quigley and Gerlach', 'f'),
('26', 'Ullrich-Gleichner', 'f'),
('27', 'Hauck and Sons', 'f'),
('28', 'Heathcote-Brekke', 'f'),
('29', 'Kemmer-Jacobi', 'f'),
('30', 'Bergnaum and Sons', 'f'),
('31', 'Anderson LLC', 'f'),
('32', 'Brown-Christiansen', 'f'),
('33', 'Hansen-Armstrong', 'f'),
('34', 'Wiegand-McLaughlin', 'f'),
('35', 'Lueilwitz Inc', 'f'),
('36', 'Veum, O''Kon and Farrell', 'f'),
('37', 'Watsica-Schinner', 'f'),
('38', 'Ratke, Willms and Prohaska', 'f'),
('39', 'Schroeder, Dicki and Heidenreich', 'f'),
('40', 'Schiller, Hagenes and Wolff', 'f'),
('41', 'Nolan and Sons', 'f'),
('42', 'Gorczany Inc', 'f'),
('43', 'Green, Mohr and Leannon', 'f'),
('44', 'Kreiger, Becker and Considine', 'f'),
('45', 'Rolfson-Sanford', 'f'),
('46', 'Kris-Bartoletti', 'f'),
('47', 'Pollich Inc', 'f'),
('48', 'Mueller-Mante', 'f'),
('49', 'Nienow, Crist and Gleichner', 'f'),
('50', 'Eichmann, Cremin and Hane', 'f'),
('51', 'Waelchi LLC', 'f'),
('52', 'Tremblay Group', 'f'),
('53', 'Gerhold LLC', 'f'),
('54', 'Krajcik-Gerlach', 'f'),
('55', 'Swaniawski-Littel', 'f'),
('56', 'Ritchie LLC', 'f'),
('57', 'Boehm-Konopelski', 'f'),
('58', 'Larson, Lebsack and Mohr', 'f'),
('59', 'Schuster-Ryan', 'f'),
('60', 'D''Amore, Connelly and Bins', 'f'),
('61', 'Botsford and Sons', 'f'),
('62', 'Reichel and Sons', 'f'),
('63', 'Wolff, Cummerata and Torp', 'f'),
('64', 'Feil Inc', 'f'),
('65', 'Nikolaus-Gutkowski', 'f'),
('66', 'Dicki Inc', 'f'),
('67', 'Larson and Sons', 'f'),
('68', 'Price-Waters', 'f'),
('69', 'Wilderman, Deckow and Gleason', 'f'),
('70', 'Medhurst, Mante and Wilkinson', 'f'),
('71', 'Tromp-Raynor', 'f'),
('72', 'Schumm, Welch and Gerlach', 'f'),
('73', 'Howell, Boehm and Little', 'f'),
('74', 'Howell Group', 'f'),
('75', 'Heathcote, Schmidt and Smith', 'f'),
('76', 'Hirthe LLC', 'f'),
('77', 'Sipes Group', 'f'),
('78', 'Muller-Lebsack', 'f'),
('79', 'King-Littel', 'f'),
('80', 'Bins, Murphy and Little', 'f'),
('81', 'Jenkins, Nitzsche and Reinger', 'f'),
('82', 'Goodwin-Koepp', 'f'),
('83', 'Hickle Group', 'f'),
('84', 'Morar, Batz and Collier', 'f'),
('85', 'Torp Group', 'f'),
('86', 'Schuster-Dickinson', 'f'),
('87', 'Maggio-Hirthe', 'f'),
('88', 'Goyette Group', 'f'),
('89', 'Kassulke, Zieme and Monahan', 'f'),
('90', 'Goldner and Sons', 'f'),
('91', 'Yost and Sons', 'f'),
('92', 'Parker Group', 'f'),
('93', 'Brakus-Aufderhar', 'f'),
('94', 'Schowalter, Carter and Homenick', 'f'),
('95', 'Brakus, Langosh and King', 'f'),
('96', 'Grant-Doyle', 'f'),
('97', 'Armstrong-Purdy', 'f'),
('98', 'Dickinson-Corkery', 'f'),
('99', 'Klein, Braun and Becker', 'f'),
('100', 'Goldner, Kuhic and O''Hara', 'f'),
('101', 'Walter LLC', 'f'),
('102', 'Abernathy Inc', 'f'),
('103', 'Rempel, Mosciski and Larkin', 'f'),
('104', 'Beier-Dare', 'f'),
('105', 'Friesen, Schuster and Rice', 'f'),
('106', 'Berge Inc', 'f');

INSERT INTO "public"."rankings" ("id", "score", "flg_invited", "flg_participates", "id_task", "id_volunteer", "deleted") VALUES
('7', '62', 't', 'f', '80', '455', 'f'),
('9', '72', 't', 't', '80', '382', 'f'),
('11', '87', 't', 'f', '90', '994', 'f'),
('12', '5', 't', 't', '96', '84', 'f'),
('13', '38', 'f', 't', '80', '820', 'f'),
('17', '48', 'f', 't', '84', '422', 'f'),
('19', '20', 'f', 'f', '5', '915', 'f'),
('21', '92', 'f', 't', '86', '545', 'f'),
('22', '53', 'f', 't', '93', '497', 'f'),
('23', '29', 't', 't', '95', '265', 'f'),
('24', '5', 't', 'f', '80', '587', 'f'),
('25', '29', 'f', 't', '9', '792', 'f'),
('33', '94', 'f', 't', '99', '941', 'f'),
('34', '52', 't', 'f', '96', '794', 'f'),
('36', '48', 't', 't', '88', '272', 'f'),
('43', '74', 't', 't', '80', '156', 'f'),
('45', '37', 'f', 't', '98', '583', 'f'),
('46', '40', 't', 'f', '8', '461', 'f'),
('47', '3', 't', 't', '61', '17', 'f'),
('48', '25', 'f', 'f', '65', '939', 'f'),
('50', '66', 'f', 'f', '92', '557', 'f'),
('51', '2', 'f', 'f', '99', '337', 'f'),
('52', '17', 't', 't', '68', '171', 'f'),
('57', '46', 't', 'f', '72', '474', 'f'),
('59', '74', 'f', 'f', '87', '658', 'f'),
('61', '55', 'f', 'f', '79', '542', 'f'),
('63', '5', 'f', 'f', '63', '942', 'f'),
('64', '28', 'f', 'f', '77', '514', 'f'),
('65', '81', 't', 'f', '97', '448', 'f'),
('67', '57', 't', 'f', '100', '71', 'f'),
('70', '53', 't', 'f', '83', '133', 'f'),
('71', '17', 't', 't', '96', '280', 'f'),
('72', '92', 't', 't', '8', '851', 'f'),
('73', '100', 'f', 'f', '91', '490', 'f'),
('74', '60', 't', 'f', '95', '604', 'f'),
('75', '71', 'f', 't', '74', '579', 'f'),
('79', '20', 'f', 't', '61', '740', 'f'),
('80', '3', 't', 't', '82', '573', 'f'),
('81', '36', 'f', 't', '66', '521', 'f'),
('82', '94', 'f', 'f', '64', '441', 'f'),
('86', '74', 't', 't', '78', '709', 'f'),
('87', '4', 't', 't', '71', '213', 'f'),
('88', '76', 'f', 't', '91', '522', 'f'),
('89', '9', 'f', 'f', '63', '752', 'f'),
('93', '62', 't', 't', '78', '832', 'f'),
('94', '68', 'f', 't', '79', '496', 'f'),
('95', '43', 'f', 't', '79', '970', 'f'),
('101', '44', 'f', 't', '97', '858', 'f'),
('102', '35', 'f', 'f', '82', '91', 'f'),
('105', '64', 'f', 't', '95', '805', 'f'),
('106', '57', 't', 'f', '72', '959', 'f'),
('107', '100', 'f', 'f', '96', '888', 'f'),
('108', '57', 'f', 'f', '6', '453', 'f'),
('114', '20', 'f', 't', '93', '637', 'f'),
('118', '78', 'f', 'f', '9', '118', 'f'),
('119', '41', 't', 't', '91', '988', 'f'),
('121', '56', 't', 't', '94', '990', 'f'),
('126', '64', 'f', 'f', '73', '411', 'f'),
('130', '55', 'f', 't', '90', '746', 'f'),
('132', '48', 'f', 't', '70', '341', 'f'),
('134', '58', 'f', 't', '72', '886', 'f'),
('137', '2', 'f', 't', '7', '948', 'f'),
('141', '59', 't', 't', '67', '425', 'f'),
('142', '77', 't', 't', '61', '519', 'f'),
('143', '63', 'f', 't', '10', '736', 'f'),
('148', '65', 't', 't', '80', '564', 'f'),
('149', '73', 't', 'f', '8', '532', 'f'),
('150', '11', 't', 'f', '86', '219', 'f'),
('151', '6', 'f', 't', '96', '725', 'f'),
('152', '65', 'f', 'f', '78', '527', 'f'),
('158', '87', 't', 'f', '77', '618', 'f'),
('160', '86', 'f', 'f', '75', '993', 'f'),
('165', '33', 'f', 't', '92', '997', 'f'),
('166', '87', 'f', 'f', '92', '545', 'f'),
('167', '58', 'f', 't', '68', '473', 'f'),
('170', '54', 't', 'f', '74', '372', 'f'),
('171', '79', 't', 't', '76', '481', 'f'),
('173', '30', 'f', 't', '65', '494', 'f'),
('175', '36', 't', 'f', '6', '994', 'f'),
('180', '98', 'f', 'f', '99', '660', 'f'),
('181', '69', 'f', 'f', '90', '102', 'f'),
('183', '64', 'f', 'f', '70', '69', 'f'),
('184', '20', 't', 't', '98', '643', 'f'),
('185', '40', 'f', 'f', '96', '291', 'f'),
('187', '100', 'f', 't', '78', '269', 'f'),
('188', '75', 't', 'f', '68', '879', 'f'),
('190', '19', 't', 't', '72', '661', 'f'),
('192', '91', 'f', 'f', '88', '748', 'f'),
('193', '26', 't', 't', '83', '881', 'f'),
('194', '58', 'f', 'f', '92', '959', 'f'),
('197', '47', 'f', 't', '82', '244', 'f'),
('199', '79', 'f', 'f', '79', '549', 'f'),
('204', '71', 'f', 't', '74', '825', 'f');

INSERT INTO "public"."skills" ("id", "name", "description", "deleted") VALUES
('3', 'Strict Forget-me-not', 'Mauris ullamcorper purus sit amet nulla.', 'f'),
('4', 'Canoparmelia Lichen', 'Vestibulum quam sapien, varius ut, blandit non, interdum in, ante. Vestibulum ante ipsum primis in faucibus orci luctus et ultrices posuere cubilia Curae; Duis faucibus accumsan odio.', 'f'),
('5', 'Grimmia Crabseye Lichen', 'Donec quis orci eget orci vehicula condimentum. Curabitur in libero ut massa volutpat convallis. Morbi odio odio, elementum eu, interdum eu, tincidunt in, leo. Maecenas pulvinar lobortis est. Phasellus sit amet erat.', 'f'),
('6', 'Garber''s Sandmat', 'Suspendisse potenti.', 'f'),
('7', 'Sierra Rush', 'Suspendisse potenti. Cras in purus eu magna vulputate luctus. Cum sociis natoque penatibus et magnis dis parturient montes, nascetur ridiculus mus. Vivamus vestibulum sagittis sapien.', 'f'),
('8', 'Rough Century Plant', 'Aenean lectus. Pellentesque eget nunc. Donec quis orci eget orci vehicula condimentum.', 'f'),
('9', 'Geyer''s Onion', 'Aliquam sit amet diam in magna bibendum imperdiet. Nullam orci pede, venenatis non, sodales sed, tincidunt eu, felis. Fusce posuere felis sed lacus. Morbi sem mauris, laoreet ut, rhoncus aliquet, pulvinar sed, nisl.', 'f'),
('10', 'Sticky Tofieldia', 'Maecenas rhoncus aliquam lacus. Morbi quis tortor id nulla ultrices aliquet. Maecenas leo odio, condimentum id, luctus nec, molestie sed, justo. Pellentesque viverra pede ac diam. Cras pellentesque volutpat dui.', 'f'),
('11', 'Wild Parsnip', 'Nulla nisl. Nunc nisl. Duis bibendum, felis sed interdum venenatis, turpis enim blandit mi, in porttitor pede justo eu massa.', 'f'),
('12', 'Arizona Cottontop', 'Nulla mollis molestie lorem. Quisque ut erat. Curabitur gravida nisi at nibh. In hac habitasse platea dictumst. Aliquam augue quam, sollicitudin vitae, consectetuer eget, rutrum at, lorem.', 'f'),
('13', 'Acroceras', 'Phasellus sit amet erat.', 'f'),
('14', 'Prickly Lettuce', 'Pellentesque eget nunc. Donec quis orci eget orci vehicula condimentum. Curabitur in libero ut massa volutpat convallis. Morbi odio odio, elementum eu, interdum eu, tincidunt in, leo. Maecenas pulvinar lobortis est.', 'f'),
('15', 'Eggleaf Rosette Grass', 'Duis bibendum. Morbi non quam nec dui luctus rutrum. Nulla tellus. In sagittis dui vel nisl. Duis ac nibh.', 'f'),
('16', 'Garrett''s Fleabane', 'Maecenas ut massa quis augue luctus tincidunt. Nulla mollis molestie lorem.', 'f'),
('17', 'Goatgrass', 'Nulla facilisi. Cras non velit nec nisi vulputate nonummy. Maecenas tincidunt lacus at velit. Vivamus vel nulla eget eros elementum pellentesque. Quisque porta volutpat erat. Quisque erat eros, viverra eget, congue eget, semper rutrum, nulla. Nunc purus.', 'f'),
('18', 'Lion''s Ear', 'Fusce consequat.', 'f'),
('19', 'California Peony', 'Ut tellus. Nulla ut erat id mauris vulputate elementum.', 'f'),
('20', 'Turnera', 'Morbi non lectus. Aliquam sit amet diam in magna bibendum imperdiet. Nullam orci pede, venenatis non, sodales sed, tincidunt eu, felis. Fusce posuere felis sed lacus. Morbi sem mauris, laoreet ut, rhoncus aliquet, pulvinar sed, nisl.', 'f'),
('21', 'Graham''s Willow', 'Nullam varius. Nulla facilisi.', 'f'),
('22', 'Sentry Milkvetch', 'Vivamus tortor. Duis mattis egestas metus.', 'f'),
('23', 'Littlebrownjug', 'Nullam sit amet turpis elementum ligula vehicula consequat. Morbi a ipsum. Integer a nibh. In quis justo. Maecenas rhoncus aliquam lacus.', 'f'),
('24', 'Smoothleaf Beardtongue', 'In hac habitasse platea dictumst. Etiam faucibus cursus urna. Ut tellus. Nulla ut erat id mauris vulputate elementum. Nullam varius.', 'f'),
('25', 'Warnstorfia Moss', 'Nam nulla. Integer pede justo, lacinia eget, tincidunt eget, tempus vel, pede. Morbi porttitor lorem id ligula. Suspendisse ornare consequat lectus. In est risus, auctor sed, tristique in, tempus sit amet, sem. Fusce consequat.', 'f'),
('26', 'Recurved Brotherella Moss', 'Nulla tellus.', 'f'),
('27', 'Golden Mock Orange', 'Proin eu mi. Nulla ac enim. In tempor, turpis nec euismod scelerisque, quam turpis adipiscing lorem, vitae mattis nibh ligula nec sem. Duis aliquam convallis nunc. Proin at turpis a pede posuere nonummy.', 'f'),
('28', 'Littletooth Sedge', 'Aenean lectus. Pellentesque eget nunc. Donec quis orci eget orci vehicula condimentum. Curabitur in libero ut massa volutpat convallis.', 'f'),
('29', 'Burningbush', 'Cras mi pede, malesuada in, imperdiet et, commodo vulputate, justo.', 'f'),
('30', 'Long Valley Tumblemustard', 'Duis ac nibh. Fusce lacus purus, aliquet at, feugiat non, pretium quis, lectus. Suspendisse potenti. In eleifend quam a odio. In hac habitasse platea dictumst. Maecenas ut massa quis augue luctus tincidunt. Nulla mollis molestie lorem.', 'f'),
('31', 'Kern Buckwheat', 'Quisque id justo sit amet sapien dignissim vestibulum. Vestibulum ante ipsum primis in faucibus orci luctus et ultrices posuere cubilia Curae; Nulla dapibus dolor vel est. Donec odio justo, sollicitudin ut, suscipit a, feugiat et, eros.', 'f'),
('32', 'Mohr Oak', 'In hac habitasse platea dictumst. Morbi vestibulum, velit id pretium iaculis, diam erat fermentum justo, nec condimentum neque sapien placerat ante.', 'f'),
('33', 'Slender Aster', 'Vivamus vel nulla eget eros elementum pellentesque. Quisque porta volutpat erat. Quisque erat eros, viverra eget, congue eget, semper rutrum, nulla. Nunc purus. Phasellus in felis. Donec semper sapien a libero.', 'f'),
('34', 'Trans-pecos Cyclanthera', 'Donec semper sapien a libero.', 'f'),
('35', 'Gland Onion', 'In hac habitasse platea dictumst. Morbi vestibulum, velit id pretium iaculis, diam erat fermentum justo, nec condimentum neque sapien placerat ante.', 'f'),
('36', 'Acroporium Moss', 'In congue. Etiam justo. Etiam pretium iaculis justo. In hac habitasse platea dictumst. Etiam faucibus cursus urna. Ut tellus. Nulla ut erat id mauris vulputate elementum. Nullam varius. Nulla facilisi. Cras non velit nec nisi vulputate nonummy.', 'f'),
('37', 'Chihuahuan Pine', 'Integer pede justo, lacinia eget, tincidunt eget, tempus vel, pede.', 'f'),
('38', 'Bryum Moss', 'Donec dapibus.', 'f'),
('39', 'Bride''s Feathers', 'Fusce congue, diam id ornare imperdiet, sapien urna pretium nisl, ut volutpat sapien arcu sed augue. Aliquam erat volutpat. In congue. Etiam justo. Etiam pretium iaculis justo. In hac habitasse platea dictumst. Etiam faucibus cursus urna. Ut tellus.', 'f'),
('40', 'Annual Townsend Daisy', 'Curabitur in libero ut massa volutpat convallis. Morbi odio odio, elementum eu, interdum eu, tincidunt in, leo. Maecenas pulvinar lobortis est.', 'f'),
('41', 'Pinyon Gilia', 'Phasellus in felis. Donec semper sapien a libero. Nam dui. Proin leo odio, porttitor id, consequat in, consequat ut, nulla.', 'f'),
('42', 'Island Goldback Fern', 'Aliquam erat volutpat. In congue. Etiam justo.', 'f'),
('43', 'Tick Trefoil', 'Fusce posuere felis sed lacus.', 'f'),
('44', 'Lakeshore Sedge', 'Etiam faucibus cursus urna.', 'f'),
('45', 'Yam', 'Quisque erat eros, viverra eget, congue eget, semper rutrum, nulla. Nunc purus.', 'f'),
('46', 'Eurasian Catchfly', 'Donec dapibus. Duis at velit eu est congue elementum. In hac habitasse platea dictumst.', 'f'),
('47', 'Schweinitz''s Ragwort', 'Aliquam erat volutpat. In congue.', 'f'),
('48', 'Boreal Sagebrush', 'Fusce congue, diam id ornare imperdiet, sapien urna pretium nisl, ut volutpat sapien arcu sed augue.', 'f'),
('49', 'Upland Bentgrass', 'Praesent lectus.', 'f'),
('50', 'Wright''s Goldenrod', 'Integer ac leo. Pellentesque ultrices mattis odio. Donec vitae nisi.', 'f');

INSERT INTO "public"."status" ("id", "description", "deleted") VALUES
('1', 'Activo', 'f'),
('2', 'Desactivado', 'f'),
('3', 'Suspendido', 'f'),
('4', 'En curso', 'f');

INSERT INTO "public"."task_update" ("id", "created_at", "description", "id_task", "deleted") VALUES
('1', '2020-11-21 16:56:58.077879', 'chau', '5', 'f'),
('2', '2020-11-21 16:27:25.003069', 'Pellentesque eget nunc.', '70', 'f'),
('4', '2020-11-21 16:27:25.003069', 'Aliquam sit amet diam in magna bibendum imperdiet.', '61', 'f'),
('5', '2020-11-21 16:27:25.003069', 'Nunc purus. Phasellus in felis.', '66', 'f'),
('6', '2020-11-21 16:27:25.003069', 'Morbi ut odio. Cras mi pede, malesuada in, imperdiet et, commodo vulputate, justo.', '78', 'f'),
('12', '2020-11-21 16:27:25.003069', 'Aliquam erat volutpat.', '98', 'f'),
('18', '2020-11-21 16:27:25.003069', 'Nam dui. Proin leo odio, porttitor id, consequat in, consequat ut, nulla.', '84', 'f'),
('20', '2020-11-21 16:27:25.003069', 'Aenean lectus. Pellentesque eget nunc.', '95', 'f'),
('21', '2020-11-21 16:27:25.003069', 'Suspendisse potenti. Cras in purus eu magna vulputate luctus.', '67', 'f'),
('24', '2020-11-21 16:27:25.003069', 'Duis bibendum, felis sed interdum venenatis, turpis enim blandit mi, in porttitor pede justo eu massa. Donec dapibus.', '63', 'f'),
('29', '2020-11-21 16:27:25.003069', 'Ut tellus.', '94', 'f'),
('37', '2020-11-21 16:27:25.003069', 'Aenean sit amet justo. Morbi ut odio.', '68', 'f'),
('38', '2020-11-21 16:27:25.003069', 'In hac habitasse platea dictumst.', '9', 'f'),
('39', '2020-11-21 16:27:25.003069', 'Quisque id justo sit amet sapien dignissim vestibulum. Vestibulum ante ipsum primis in faucibus orci luctus et ultrices posuere cubilia Curae; Nulla dapibus dolor vel est.', '99', 'f'),
('42', '2020-11-21 16:27:25.003069', 'Nullam orci pede, venenatis non, sodales sed, tincidunt eu, felis.', '90', 'f'),
('47', '2020-11-21 16:27:25.003069', 'Mauris enim leo, rhoncus sed, vestibulum sit amet, cursus id, turpis.', '97', 'f'),
('48', '2020-11-21 16:27:25.003069', 'Fusce congue, diam id ornare imperdiet, sapien urna pretium nisl, ut volutpat sapien arcu sed augue.', '5', 'f'),
('49', '2020-11-21 16:27:25.003069', 'Vivamus metus arcu, adipiscing molestie, hendrerit at, vulputate vitae, nisl.', '98', 'f'),
('52', '2020-11-21 16:27:25.003069', 'Nunc purus.', '68', 'f'),
('53', '2020-11-21 16:27:25.003069', 'Suspendisse potenti. Nullam porttitor lacus at turpis.', '95', 'f'),
('54', '2020-11-21 16:27:25.003069', 'Proin leo odio, porttitor id, consequat in, consequat ut, nulla.', '6', 'f'),
('55', '2020-11-21 16:27:25.003069', 'Morbi non quam nec dui luctus rutrum. Nulla tellus.', '76', 'f'),
('61', '2020-11-21 16:27:25.003069', 'Cras pellentesque volutpat dui. Maecenas tristique, est et tempus semper, est quam pharetra magna, ac consequat metus sapien ut nunc.', '6', 'f'),
('64', '2020-11-21 16:27:25.003069', 'Aenean auctor gravida sem.', '90', 'f'),
('67', '2020-11-21 16:27:25.003069', 'Nulla neque libero, convallis eget, eleifend luctus, ultricies eu, nibh. Quisque id justo sit amet sapien dignissim vestibulum.', '66', 'f'),
('69', '2020-11-21 16:27:25.003069', 'Aliquam erat volutpat.', '97', 'f'),
('71', '2020-11-21 16:27:25.003069', 'Vestibulum sed magna at nunc commodo placerat. Praesent blandit.', '10', 'f'),
('72', '2020-11-21 16:27:25.003069', 'In blandit ultrices enim. Lorem ipsum dolor sit amet, consectetuer adipiscing elit.', '75', 'f'),
('73', '2020-11-21 16:27:25.003069', 'Aliquam quis turpis eget elit sodales scelerisque.', '68', 'f'),
('74', '2020-11-21 16:27:25.003069', 'Vivamus metus arcu, adipiscing molestie, hendrerit at, vulputate vitae, nisl.', '77', 'f'),
('77', '2020-11-21 16:27:25.003069', 'Duis mattis egestas metus.', '79', 'f'),
('78', '2020-11-21 16:27:25.003069', 'Duis at velit eu est congue elementum.', '8', 'f'),
('79', '2020-11-21 16:27:25.003069', 'Morbi sem mauris, laoreet ut, rhoncus aliquet, pulvinar sed, nisl.', '97', 'f'),
('80', '2020-11-21 16:27:25.003069', 'Donec posuere metus vitae ipsum.', '69', 'f'),
('81', '2020-11-21 16:27:25.003069', 'Duis at velit eu est congue elementum.', '97', 'f'),
('85', '2020-11-21 16:27:25.003069', 'Aenean fermentum. Donec ut mauris eget massa tempor convallis.', '8', 'f'),
('86', '2020-11-21 16:27:25.003069', 'Vivamus vel nulla eget eros elementum pellentesque. Quisque porta volutpat erat.', '95', 'f'),
('87', '2020-11-21 16:27:25.003069', 'Cras pellentesque volutpat dui. Maecenas tristique, est et tempus semper, est quam pharetra magna, ac consequat metus sapien ut nunc.', '67', 'f'),
('90', '2020-11-21 16:27:25.003069', 'Vivamus vestibulum sagittis sapien.', '92', 'f'),
('92', '2020-11-21 16:27:25.003069', 'Aliquam sit amet diam in magna bibendum imperdiet.', '99', 'f'),
('95', '2020-11-21 16:27:25.003069', 'Donec semper sapien a libero.', '76', 'f'),
('104', '2020-11-21 16:27:25.003069', 'Vivamus tortor. Duis mattis egestas metus.', '72', 'f'),
('105', '2020-11-21 16:27:25.003069', 'Nunc purus. Phasellus in felis.', '99', 'f'),
('106', '2020-11-21 16:27:25.003069', 'In hac habitasse platea dictumst.', '66', 'f'),
('110', '2020-11-21 16:27:25.003069', 'Morbi porttitor lorem id ligula.', '72', 'f'),
('111', '2020-11-21 16:27:25.003069', 'Curabitur in libero ut massa volutpat convallis. Morbi odio odio, elementum eu, interdum eu, tincidunt in, leo.', '5', 'f'),
('115', '2020-11-21 16:27:25.003069', 'Morbi a ipsum.', '64', 'f'),
('116', '2020-11-21 16:27:25.003069', 'Vivamus vestibulum sagittis sapien.', '87', 'f'),
('117', '2020-11-21 16:27:25.003069', 'Etiam justo. Etiam pretium iaculis justo.', '98', 'f'),
('118', '2020-11-21 16:27:25.003069', 'Integer aliquet, massa id lobortis convallis, tortor risus dapibus augue, vel accumsan tellus nisi eu orci.', '86', 'f'),
('120', '2020-11-21 16:27:25.003069', 'Nam congue, risus semper porta volutpat, quam pede lobortis ligula, sit amet eleifend pede libero quis orci.', '71', 'f'),
('121', '2020-11-21 16:27:25.003069', 'Morbi vestibulum, velit id pretium iaculis, diam erat fermentum justo, nec condimentum neque sapien placerat ante. Nulla justo.', '88', 'f'),
('122', '2020-11-21 16:27:25.003069', 'Morbi ut odio. Cras mi pede, malesuada in, imperdiet et, commodo vulputate, justo.', '77', 'f'),
('123', '2020-11-21 16:27:25.003069', 'Vestibulum rutrum rutrum neque. Aenean auctor gravida sem.', '67', 'f'),
('125', '2020-11-21 16:27:25.003069', 'Nulla ut erat id mauris vulputate elementum.', '9', 'f'),
('126', '2020-11-21 16:27:25.003069', 'Vestibulum quam sapien, varius ut, blandit non, interdum in, ante.', '95', 'f'),
('130', '2020-11-21 16:27:25.003069', 'Morbi vestibulum, velit id pretium iaculis, diam erat fermentum justo, nec condimentum neque sapien placerat ante. Nulla justo.', '84', 'f'),
('132', '2020-11-21 16:27:25.003069', 'Quisque id justo sit amet sapien dignissim vestibulum. Vestibulum ante ipsum primis in faucibus orci luctus et ultrices posuere cubilia Curae; Nulla dapibus dolor vel est.', '64', 'f'),
('134', '2020-11-21 16:27:25.003069', 'Aliquam augue quam, sollicitudin vitae, consectetuer eget, rutrum at, lorem. Integer tincidunt ante vel ipsum.', '9', 'f'),
('136', '2020-11-21 16:27:25.003069', 'Donec ut dolor.', '67', 'f'),
('137', '2020-11-21 16:27:25.003069', 'Aenean sit amet justo. Morbi ut odio.', '75', 'f'),
('139', '2020-11-21 16:27:25.003069', 'Proin risus.', '65', 'f'),
('141', '2020-11-21 16:27:25.003069', 'Vestibulum ante ipsum primis in faucibus orci luctus et ultrices posuere cubilia Curae; Duis faucibus accumsan odio. Curabitur convallis.', '75', 'f'),
('146', '2020-11-21 16:27:25.003069', 'Duis mattis egestas metus.', '69', 'f'),
('152', '2020-11-21 16:27:25.003069', 'Quisque arcu libero, rutrum ac, lobortis vel, dapibus at, diam.', '76', 'f'),
('156', '2020-11-21 16:27:25.003069', 'Quisque ut erat.', '79', 'f'),
('157', '2020-11-21 16:27:25.003069', 'Nulla suscipit ligula in lacus.', '79', 'f'),
('158', '2020-11-21 16:27:25.003069', 'Vestibulum ante ipsum primis in faucibus orci luctus et ultrices posuere cubilia Curae; Nulla dapibus dolor vel est. Donec odio justo, sollicitudin ut, suscipit a, feugiat et, eros.', '71', 'f'),
('159', '2020-11-21 16:27:25.003069', 'Vestibulum ante ipsum primis in faucibus orci luctus et ultrices posuere cubilia Curae; Nulla dapibus dolor vel est.', '77', 'f'),
('161', '2020-11-21 16:27:25.003069', 'Aliquam quis turpis eget elit sodales scelerisque. Mauris sit amet eros.', '96', 'f'),
('162', '2020-11-21 16:27:25.003069', 'Ut at dolor quis odio consequat varius. Integer ac leo.', '62', 'f'),
('164', '2020-11-21 16:27:25.003069', 'In est risus, auctor sed, tristique in, tempus sit amet, sem.', '9', 'f'),
('166', '2020-11-21 16:27:25.003069', 'Morbi quis tortor id nulla ultrices aliquet. Maecenas leo odio, condimentum id, luctus nec, molestie sed, justo.', '8', 'f'),
('169', '2020-11-21 16:27:25.003069', 'Pellentesque viverra pede ac diam. Cras pellentesque volutpat dui.', '6', 'f'),
('173', '2020-11-21 16:27:25.003069', 'Aliquam erat volutpat.', '9', 'f'),
('174', '2020-11-21 16:27:25.003069', 'Mauris lacinia sapien quis libero.', '69', 'f'),
('175', '2020-11-21 16:27:25.003069', 'Nunc rhoncus dui vel sem. Sed sagittis.', '73', 'f'),
('176', '2020-11-21 16:27:25.003069', 'Nulla ut erat id mauris vulputate elementum.', '82', 'f'),
('177', '2020-11-21 16:27:25.003069', 'Nam congue, risus semper porta volutpat, quam pede lobortis ligula, sit amet eleifend pede libero quis orci. Nullam molestie nibh in lectus.', '99', 'f'),
('178', '2020-11-21 16:27:25.003069', 'Nulla justo. Aliquam quis turpis eget elit sodales scelerisque.', '67', 'f'),
('179', '2020-11-21 16:27:25.003069', 'Cras non velit nec nisi vulputate nonummy.', '96', 'f'),
('180', '2020-11-21 16:27:25.003069', 'Fusce congue, diam id ornare imperdiet, sapien urna pretium nisl, ut volutpat sapien arcu sed augue. Aliquam erat volutpat.', '96', 'f'),
('181', '2020-11-21 16:27:25.003069', 'Cras in purus eu magna vulputate luctus. Cum sociis natoque penatibus et magnis dis parturient montes, nascetur ridiculus mus.', '61', 'f'),
('185', '2020-11-21 16:27:25.003069', 'Nulla facilisi.', '98', 'f'),
('187', '2020-11-21 16:27:25.003069', 'Donec semper sapien a libero.', '94', 'f'),
('189', '2020-11-21 16:27:25.003069', 'Vestibulum ante ipsum primis in faucibus orci luctus et ultrices posuere cubilia Curae; Nulla dapibus dolor vel est.', '73', 'f'),
('190', '2020-11-21 16:27:25.003069', 'Maecenas leo odio, condimentum id, luctus nec, molestie sed, justo. Pellentesque viverra pede ac diam.', '90', 'f'),
('191', '2020-11-21 16:27:25.003069', 'Maecenas ut massa quis augue luctus tincidunt. Nulla mollis molestie lorem.', '67', 'f'),
('192', '2020-11-21 16:27:25.003069', 'Donec semper sapien a libero. Nam dui.', '76', 'f'),
('193', '2020-11-21 16:27:25.003069', 'Integer ac leo.', '99', 'f'),
('195', '2020-11-21 16:27:25.003069', 'Fusce lacus purus, aliquet at, feugiat non, pretium quis, lectus.', '61', 'f');

INSERT INTO "public"."tasks" ("id", "name", "description", "volunteer_required", "volunteer_registered", "start_date", "final_date", "created_at", "id_status", "id_emergency", "deleted") VALUES
('5', 'Agua', 'Blabla', '4', '4', '2012-04-23', '2012-04-28', '2020-11-19 23:16:52.058609', '2', '1', 'f'),
('6', 'Limpiar', 'Blabla', '4', '4', '2012-04-23', '2012-04-28', '2020-11-19 23:20:09.729047', '1', '1', 'f'),
('7', 'Barrer', 'Blabla', '4', '4', '2012-04-23', '2012-04-28', '2020-11-19 23:20:17.451289', '1', '2', 'f'),
('8', 'Salvar', 'Blabla', '4', '4', '2012-04-23', '2012-04-28', '2020-11-19 23:20:22.872714', '1', '1', 'f'),
('9', 'Correr', 'Blabla', '4', '4', '2012-04-23', '2012-04-28', '2020-11-19 23:20:39.578896', '1', '1', 'f'),
('10', 'trotar', 'Blablaaaaaaaaaaaaaaaaaaaaaaaaaaaaaa', '4', '4', '2012-04-23', '2012-04-28', '2020-11-21 16:27:25.003069', '1', '1', 'f'),
('61', 'Watermelon Nightshade', 'Nulla nisl. Nunc nisl. Duis bibendum, felis sed interdum venenatis, turpis enim blandit mi, in porttitor pede justo eu massa. Donec dapibus. Duis at velit eu est congue elementum. In hac habitasse platea dictumst.', '54', '20', '2020-11-23', '2021-01-13', '2020-11-21 16:27:25.003069', '1', '18', 'f'),
('62', 'Obtuseleaf Fissidens Moss', 'Donec semper sapien a libero. Nam dui. Proin leo odio, porttitor id, consequat in, consequat ut, nulla. Sed accumsan felis. Ut at dolor quis odio consequat varius. Integer ac leo.', '30', '8', '2020-12-07', '2021-01-21', '2020-11-21 16:27:25.003069', '4', '39', 'f'),
('63', 'Cooper''s Dogweed', 'Sed ante.', '13', '1', '2020-12-14', '2021-01-09', '2020-11-21 16:27:25.003069', '3', '35', 'f'),
('64', 'Point Reyes Ceanothus', 'Nunc purus. Phasellus in felis. Donec semper sapien a libero. Nam dui. Proin leo odio, porttitor id, consequat in, consequat ut, nulla. Sed accumsan felis. Ut at dolor quis odio consequat varius.', '93', '58', '2020-12-18', '2021-01-11', '2020-11-21 16:27:25.003069', '4', '3', 'f'),
('65', 'Bright Green Dudleya', 'Maecenas ut massa quis augue luctus tincidunt. Nulla mollis molestie lorem.', '57', '27', '2020-12-14', '2021-01-15', '2020-11-21 16:27:25.003069', '4', '36', 'f'),
('66', 'Plumleaf Hawthorn', 'Sed vel enim sit amet nunc viverra dapibus. Nulla suscipit ligula in lacus. Curabitur at ipsum ac tellus semper interdum. Mauris ullamcorper purus sit amet nulla. Quisque arcu libero, rutrum ac, lobortis vel, dapibus at, diam.', '65', '17', '2020-11-23', '2020-12-26', '2020-11-21 16:27:25.003069', '3', '3', 'f'),
('67', 'Shorthook Fishhook Cactus', 'Maecenas rhoncus aliquam lacus. Morbi quis tortor id nulla ultrices aliquet. Maecenas leo odio, condimentum id, luctus nec, molestie sed, justo. Pellentesque viverra pede ac diam. Cras pellentesque volutpat dui.', '26', '61', '2020-12-18', '2021-01-08', '2020-11-21 16:27:25.003069', '2', '22', 'f'),
('68', 'Guatemalan Fir', 'Fusce congue, diam id ornare imperdiet, sapien urna pretium nisl, ut volutpat sapien arcu sed augue. Aliquam erat volutpat. In congue. Etiam justo.', '96', '39', '2020-12-19', '2021-01-20', '2020-11-21 16:27:25.003069', '3', '11', 'f'),
('69', 'Fen Bedstraw', 'Pellentesque eget nunc. Donec quis orci eget orci vehicula condimentum. Curabitur in libero ut massa volutpat convallis. Morbi odio odio, elementum eu, interdum eu, tincidunt in, leo. Maecenas pulvinar lobortis est. Phasellus sit amet erat.', '3', '30', '2020-12-04', '2020-12-28', '2020-11-21 16:27:25.003069', '3', '37', 'f'),
('70', 'Black Horehound', 'Integer ac neque. Duis bibendum. Morbi non quam nec dui luctus rutrum. Nulla tellus.', '84', '76', '2020-12-19', '2020-12-29', '2020-11-21 16:27:25.003069', '1', '48', 'f'),
('71', 'Maidenhair Creeper', 'Nulla ut erat id mauris vulputate elementum. Nullam varius. Nulla facilisi. Cras non velit nec nisi vulputate nonummy.', '9', '35', '2020-12-10', '2020-12-25', '2020-11-21 16:27:25.003069', '4', '9', 'f'),
('72', 'Sierra Bluecup', 'Aliquam erat volutpat. In congue.', '75', '78', '2020-11-22', '2021-01-07', '2020-11-21 16:27:25.003069', '4', '32', 'f'),
('73', 'Bartram''s Rose Gentian', 'Cras in purus eu magna vulputate luctus. Cum sociis natoque penatibus et magnis dis parturient montes, nascetur ridiculus mus. Vivamus vestibulum sagittis sapien. Cum sociis natoque penatibus et magnis dis parturient montes, nascetur ridiculus mus.', '57', '21', '2020-12-13', '2021-01-11', '2020-11-21 16:27:25.003069', '2', '9', 'f'),
('74', 'Pole Butterflybush', 'Cras mi pede, malesuada in, imperdiet et, commodo vulputate, justo. In blandit ultrices enim.', '80', '33', '2020-12-07', '2021-01-13', '2020-11-21 16:27:25.003069', '3', '37', 'f'),
('75', 'Yerba De Zanja', 'Mauris sit amet eros. Suspendisse accumsan tortor quis turpis. Sed ante. Vivamus tortor. Duis mattis egestas metus. Aenean fermentum.', '13', '36', '2020-12-21', '2021-01-11', '2020-11-21 16:27:25.003069', '4', '24', 'f'),
('76', 'Dot Lichen', 'Suspendisse accumsan tortor quis turpis. Sed ante. Vivamus tortor. Duis mattis egestas metus.', '36', '18', '2020-12-07', '2020-12-24', '2020-11-21 16:27:25.003069', '1', '47', 'f'),
('77', 'Arum', 'Aenean auctor gravida sem. Praesent id massa id nisl venenatis lacinia. Aenean sit amet justo.', '11', '80', '2020-12-11', '2021-01-08', '2020-11-21 16:27:25.003069', '3', '31', 'f'),
('78', 'Pineland Milkpea', 'Sed accumsan felis. Ut at dolor quis odio consequat varius.', '16', '44', '2020-12-04', '2020-12-31', '2020-11-21 16:27:25.003069', '3', '37', 'f'),
('79', 'Chamaecrista', 'Etiam justo. Etiam pretium iaculis justo.', '55', '11', '2020-12-15', '2021-01-13', '2020-11-21 16:27:25.003069', '4', '40', 'f'),
('80', 'Groundsel', 'Vestibulum ante ipsum primis in faucibus orci luctus et ultrices posuere cubilia Curae; Nulla dapibus dolor vel est. Donec odio justo, sollicitudin ut, suscipit a, feugiat et, eros. Vestibulum ac est lacinia nisi venenatis tristique.', '38', '47', '2020-11-22', '2021-01-16', '2020-11-21 16:27:25.003069', '1', '46', 'f'),
('82', 'Prairie Sandmat', 'Duis at velit eu est congue elementum.', '28', '70', '2020-12-12', '2020-12-26', '2020-11-21 16:27:25.003069', '1', '26', 'f'),
('83', 'Oriental Sweetgum', 'Nulla mollis molestie lorem. Quisque ut erat. Curabitur gravida nisi at nibh. In hac habitasse platea dictumst. Aliquam augue quam, sollicitudin vitae, consectetuer eget, rutrum at, lorem. Integer tincidunt ante vel ipsum.', '91', '66', '2020-12-06', '2021-01-13', '2020-11-21 16:27:25.003069', '3', '21', 'f'),
('84', 'Pursh''s Wallflower', 'Pellentesque eget nunc. Donec quis orci eget orci vehicula condimentum. Curabitur in libero ut massa volutpat convallis. Morbi odio odio, elementum eu, interdum eu, tincidunt in, leo. Maecenas pulvinar lobortis est. Phasellus sit amet erat. Nulla tempus.', '15', '80', '2020-11-26', '2021-01-10', '2020-11-21 16:27:25.003069', '1', '24', 'f'),
('86', 'West Indian Dodder', 'Donec dapibus. Duis at velit eu est congue elementum. In hac habitasse platea dictumst. Morbi vestibulum, velit id pretium iaculis, diam erat fermentum justo, nec condimentum neque sapien placerat ante.', '54', '13', '2020-12-13', '2020-12-28', '2020-11-21 16:27:25.003069', '3', '17', 'f'),
('87', 'Sulphur-flower Buckwheat', 'Proin eu mi. Nulla ac enim. In tempor, turpis nec euismod scelerisque, quam turpis adipiscing lorem, vitae mattis nibh ligula nec sem. Duis aliquam convallis nunc. Proin at turpis a pede posuere nonummy.', '69', '22', '2020-12-10', '2021-01-18', '2020-11-21 16:27:25.003069', '2', '3', 'f'),
('88', 'Tsuga Szczawinskia Lichen', 'In hac habitasse platea dictumst. Maecenas ut massa quis augue luctus tincidunt. Nulla mollis molestie lorem. Quisque ut erat.', '98', '57', '2020-11-25', '2020-12-29', '2020-11-21 16:27:25.003069', '4', '43', 'f'),
('90', 'Crowned Beggarticks', 'Aenean fermentum.', '77', '84', '2020-12-15', '2021-01-19', '2020-11-21 16:27:25.003069', '1', '50', 'f'),
('91', 'Jamaican Goldback Fern', 'Etiam justo. Etiam pretium iaculis justo. In hac habitasse platea dictumst. Etiam faucibus cursus urna. Ut tellus.', '24', '27', '2020-11-26', '2021-01-11', '2020-11-21 16:27:25.003069', '3', '19', 'f'),
('92', 'Elegant Piperia', 'In congue. Etiam justo. Etiam pretium iaculis justo. In hac habitasse platea dictumst. Etiam faucibus cursus urna.', '7', '19', '2020-11-27', '2020-12-31', '2020-11-21 16:27:25.003069', '1', '27', 'f'),
('93', 'Needlegrass', 'Curabitur at ipsum ac tellus semper interdum. Mauris ullamcorper purus sit amet nulla. Quisque arcu libero, rutrum ac, lobortis vel, dapibus at, diam.', '70', '73', '2020-12-07', '2021-01-10', '2020-11-21 16:27:25.003069', '4', '27', 'f'),
('94', 'Cracked Lichen', 'Nam ultrices, libero non mattis pulvinar, nulla pede ullamcorper augue, a suscipit nulla elit ac nulla. Sed vel enim sit amet nunc viverra dapibus. Nulla suscipit ligula in lacus.', '69', '33', '2020-12-20', '2021-01-02', '2020-11-21 16:27:25.003069', '3', '9', 'f'),
('95', 'Longstalk Chinchweed', 'Nulla tempus. Vivamus in felis eu sapien cursus vestibulum. Proin eu mi. Nulla ac enim. In tempor, turpis nec euismod scelerisque, quam turpis adipiscing lorem, vitae mattis nibh ligula nec sem.', '57', '17', '2020-12-01', '2021-01-06', '2020-11-21 16:27:25.003069', '2', '36', 'f'),
('96', 'Florida Water Aster', 'Praesent blandit. Nam nulla. Integer pede justo, lacinia eget, tincidunt eget, tempus vel, pede.', '73', '80', '2020-11-26', '2020-12-26', '2020-11-21 16:27:25.003069', '1', '9', 'f'),
('97', 'Climbing Bamboo', 'Proin leo odio, porttitor id, consequat in, consequat ut, nulla. Sed accumsan felis.', '57', '14', '2020-12-15', '2020-12-27', '2020-11-21 16:27:25.003069', '2', '21', 'f'),
('98', 'Mound Saltbush', 'Cras non velit nec nisi vulputate nonummy. Maecenas tincidunt lacus at velit. Vivamus vel nulla eget eros elementum pellentesque. Quisque porta volutpat erat. Quisque erat eros, viverra eget, congue eget, semper rutrum, nulla.', '23', '16', '2020-11-23', '2021-01-05', '2020-11-21 16:27:25.003069', '4', '4', 'f'),
('99', 'Sticky Purple Geranium', 'Pellentesque ultrices mattis odio. Donec vitae nisi.', '81', '95', '2020-12-21', '2021-01-12', '2020-11-21 16:27:25.003069', '1', '21', 'f'),
('100', 'Tortula Moss', 'Cum sociis natoque penatibus et magnis dis parturient montes, nascetur ridiculus mus. Etiam vel augue. Vestibulum rutrum rutrum neque. Aenean auctor gravida sem. Praesent id massa id nisl venenatis lacinia.', '99', '53', '2020-12-19', '2021-01-14', '2020-11-21 16:27:25.003069', '2', '23', 'f'),
('101', 'Alkali Desertparsley', 'Pellentesque eget nunc. Donec quis orci eget orci vehicula condimentum. Curabitur in libero ut massa volutpat convallis. Morbi odio odio, elementum eu, interdum eu, tincidunt in, leo. Maecenas pulvinar lobortis est.', '14', '3', '2020-12-01', '2021-01-09', '2020-11-21 16:27:25.003069', '2', '48', 'f'),
('102', 'Fiddleleaf', 'Curabitur gravida nisi at nibh.', '97', '9', '2020-11-27', '2021-01-01', '2020-11-21 16:27:25.003069', '1', '4', 'f'),
('103', 'Smooth Spreading Four O''clock', 'In hac habitasse platea dictumst. Etiam faucibus cursus urna. Ut tellus.', '96', '15', '2020-12-15', '2021-01-11', '2020-11-21 16:27:25.003069', '1', '31', 'f'),
('105', 'Hillside Gooseberry', 'Duis bibendum. Morbi non quam nec dui luctus rutrum. Nulla tellus. In sagittis dui vel nisl. Duis ac nibh.', '65', '37', '2020-12-16', '2021-01-13', '2020-11-21 16:27:25.003069', '3', '44', 'f'),
('106', 'Mexican Alvaradoa', 'In quis justo. Maecenas rhoncus aliquam lacus.', '94', '72', '2020-12-07', '2021-01-13', '2020-11-21 16:27:25.003069', '3', '33', 'f'),
('107', 'Franklin''s Phacelia', 'Aenean sit amet justo. Morbi ut odio. Cras mi pede, malesuada in, imperdiet et, commodo vulputate, justo. In blandit ultrices enim.', '84', '71', '2020-12-01', '2020-12-30', '2020-11-21 16:27:25.003069', '1', '35', 'f'),
('108', 'Manduro', 'Morbi odio odio, elementum eu, interdum eu, tincidunt in, leo. Maecenas pulvinar lobortis est. Phasellus sit amet erat. Nulla tempus. Vivamus in felis eu sapien cursus vestibulum. Proin eu mi.', '70', '87', '2020-12-05', '2021-01-04', '2020-11-21 16:27:25.003069', '2', '29', 'f'),
('110', 'Meyen''s Sedge', 'Quisque id justo sit amet sapien dignissim vestibulum. Vestibulum ante ipsum primis in faucibus orci luctus et ultrices posuere cubilia Curae; Nulla dapibus dolor vel est. Donec odio justo, sollicitudin ut, suscipit a, feugiat et, eros.', '38', '94', '2020-12-07', '2021-01-20', '2020-11-21 16:27:25.003069', '4', '23', 'f'),
('111', 'Velvety Goldenrod', 'Nullam varius.', '86', '44', '2020-11-25', '2021-01-17', '2020-11-21 16:27:25.003069', '4', '26', 'f'),
('112', 'Vlassov''s Phascum Moss', 'Aenean fermentum.', '65', '65', '2020-11-24', '2020-12-28', '2020-11-21 16:27:25.003069', '1', '31', 'f'),
('113', 'Small Eyebright', 'Nulla nisl.', '13', '66', '2020-11-27', '2020-12-29', '2020-11-21 16:27:25.003069', '3', '1', 'f'),
('114', 'Iberian Geranium', 'Suspendisse accumsan tortor quis turpis. Sed ante. Vivamus tortor. Duis mattis egestas metus. Aenean fermentum.', '37', '9', '2020-12-02', '2021-01-13', '2020-11-21 16:27:25.003069', '4', '35', 'f'),
('115', 'Woodland Pinkroot', 'Etiam faucibus cursus urna. Ut tellus. Nulla ut erat id mauris vulputate elementum. Nullam varius. Nulla facilisi.', '84', '6', '2020-11-24', '2021-01-10', '2020-11-21 16:27:25.003069', '4', '27', 'f'),
('116', 'White Fishhook Cactus', 'Aenean auctor gravida sem. Praesent id massa id nisl venenatis lacinia.', '67', '42', '2020-11-29', '2021-01-22', '2020-11-21 16:27:25.003069', '4', '4', 'f'),
('117', 'Rinodina Lichen', 'Integer tincidunt ante vel ipsum.', '9', '99', '2020-12-03', '2020-12-27', '2020-11-21 16:27:25.003069', '3', '41', 'f'),
('118', 'Softhairy Maiden Fern', 'Donec odio justo, sollicitudin ut, suscipit a, feugiat et, eros. Vestibulum ac est lacinia nisi venenatis tristique.', '42', '75', '2020-12-08', '2021-01-12', '2020-11-21 16:27:25.003069', '1', '13', 'f'),
('119', 'Kauai Pricklyash', 'Nullam porttitor lacus at turpis.', '81', '23', '2020-11-27', '2021-01-22', '2020-11-21 16:27:25.003069', '2', '10', 'f'),
('120', 'Spinystar', 'Proin at turpis a pede posuere nonummy. Integer non velit.', '46', '39', '2020-12-15', '2021-01-14', '2020-11-21 16:27:25.003069', '4', '27', 'f'),
('121', 'Orthothecium Moss', 'Morbi sem mauris, laoreet ut, rhoncus aliquet, pulvinar sed, nisl. Nunc rhoncus dui vel sem.', '6', '26', '2020-11-29', '2020-12-24', '2020-11-21 16:27:25.003069', '2', '36', 'f'),
('122', 'Leathery Colicwood', 'Curabitur gravida nisi at nibh. In hac habitasse platea dictumst.', '66', '89', '2020-12-06', '2021-01-19', '2020-11-21 16:27:25.003069', '2', '4', 'f'),
('123', 'Sclerophora Lichen', 'Nunc rhoncus dui vel sem. Sed sagittis.', '4', '76', '2020-12-17', '2020-12-27', '2020-11-21 16:27:25.003069', '1', '48', 'f'),
('124', 'Browallia', 'Integer ac neque. Duis bibendum.', '82', '91', '2020-12-08', '2021-01-16', '2020-11-21 16:27:25.003069', '4', '22', 'f'),
('125', 'Little-leaf Angelica', 'Donec semper sapien a libero.', '82', '26', '2020-12-14', '2021-01-03', '2020-11-21 16:27:25.003069', '4', '29', 'f'),
('126', 'Turnip-root Chervil', 'Nullam orci pede, venenatis non, sodales sed, tincidunt eu, felis. Fusce posuere felis sed lacus.', '1', '17', '2020-12-11', '2021-01-19', '2020-11-21 16:27:25.003069', '4', '21', 'f'),
('127', 'Honeylocust', 'Fusce congue, diam id ornare imperdiet, sapien urna pretium nisl, ut volutpat sapien arcu sed augue.', '35', '60', '2020-12-08', '2021-01-14', '2020-11-21 16:27:25.003069', '1', '21', 'f'),
('128', 'Lemmon''s Sage', 'Donec ut dolor.', '84', '13', '2020-12-02', '2021-01-15', '2020-11-21 16:27:25.003069', '2', '17', 'f'),
('129', 'Pyramid Maidenhair', 'Nunc purus. Phasellus in felis.', '71', '42', '2020-12-02', '2021-01-09', '2020-11-21 16:27:25.003069', '4', '24', 'f'),
('131', 'Narrowleaf Arnica', 'Aenean auctor gravida sem.', '19', '66', '2020-12-09', '2021-01-16', '2020-11-21 16:27:25.003069', '3', '24', 'f'),
('132', 'Pike''s Horsehair Lichen', 'Fusce congue, diam id ornare imperdiet, sapien urna pretium nisl, ut volutpat sapien arcu sed augue. Aliquam erat volutpat.', '63', '85', '2020-12-03', '2021-01-10', '2020-11-21 16:27:25.003069', '1', '15', 'f'),
('133', 'Burclover', 'Pellentesque eget nunc.', '46', '82', '2020-12-18', '2021-01-07', '2020-11-21 16:27:25.003069', '3', '46', 'f'),
('134', 'Inland Rush', 'Curabitur gravida nisi at nibh. In hac habitasse platea dictumst.', '36', '79', '2020-12-01', '2021-01-01', '2020-11-21 16:27:25.003069', '4', '18', 'f'),
('135', 'Singlehead Pussytoes', 'Aliquam augue quam, sollicitudin vitae, consectetuer eget, rutrum at, lorem. Integer tincidunt ante vel ipsum.', '71', '98', '2020-12-13', '2020-12-25', '2020-11-21 16:27:25.003069', '1', '11', 'f'),
('136', 'Lompoc Yerba Santa', 'Mauris sit amet eros.', '56', '78', '2020-12-03', '2021-01-03', '2020-11-21 16:27:25.003069', '1', '9', 'f'),
('137', 'Carpet Grass', 'In congue. Etiam justo.', '22', '83', '2020-12-17', '2020-12-31', '2020-11-21 16:27:25.003069', '4', '47', 'f'),
('138', 'Withe-rod', 'In hac habitasse platea dictumst.', '55', '68', '2020-11-30', '2020-12-27', '2020-11-21 16:27:25.003069', '2', '32', 'f'),
('139', 'Heartleaf Bittercress', 'Cum sociis natoque penatibus et magnis dis parturient montes, nascetur ridiculus mus. Vivamus vestibulum sagittis sapien.', '97', '5', '2020-12-09', '2020-12-24', '2020-11-21 16:27:25.003069', '2', '37', 'f'),
('140', 'Alexander''s Buckwheat', 'Cras in purus eu magna vulputate luctus.', '35', '22', '2020-12-04', '2020-12-23', '2020-11-21 16:27:25.003069', '3', '28', 'f'),
('141', 'Snake Range Buckwheat', 'Morbi sem mauris, laoreet ut, rhoncus aliquet, pulvinar sed, nisl. Nunc rhoncus dui vel sem.', '94', '50', '2020-11-28', '2020-12-25', '2020-11-21 16:27:25.003069', '1', '36', 'f'),
('142', 'Butterweed', 'Pellentesque eget nunc. Donec quis orci eget orci vehicula condimentum.', '49', '26', '2020-11-23', '2021-01-07', '2020-11-21 16:27:25.003069', '4', '1', 'f'),
('143', 'Rockspray Cotoneaster', 'Suspendisse accumsan tortor quis turpis. Sed ante.', '4', '13', '2020-12-21', '2021-01-21', '2020-11-21 16:27:25.003069', '4', '32', 'f'),
('144', 'Crabgrass', 'Curabitur at ipsum ac tellus semper interdum.', '58', '75', '2020-11-26', '2021-01-12', '2020-11-21 16:27:25.003069', '3', '21', 'f'),
('146', 'Dyckia', 'In hac habitasse platea dictumst. Aliquam augue quam, sollicitudin vitae, consectetuer eget, rutrum at, lorem.', '63', '50', '2020-11-29', '2021-01-03', '2020-11-21 16:27:25.003069', '1', '40', 'f'),
('147', 'Southern Fimbry', 'Nunc purus. Phasellus in felis.', '47', '81', '2020-12-06', '2021-01-05', '2020-11-21 16:27:25.003069', '1', '24', 'f'),
('148', 'Eastern Purple Coneflower', 'Etiam vel augue. Vestibulum rutrum rutrum neque.', '42', '6', '2020-12-21', '2021-01-16', '2020-11-21 16:27:25.003069', '3', '25', 'f'),
('149', 'Ceratotheca', 'Quisque ut erat. Curabitur gravida nisi at nibh.', '54', '59', '2020-12-12', '2021-01-22', '2020-11-21 16:27:25.003069', '2', '15', 'f'),
('150', 'Oahu Sedge', 'Mauris sit amet eros.', '36', '72', '2020-11-24', '2021-01-14', '2020-11-21 16:27:25.003069', '1', '42', 'f'),
('151', 'Abrams'' Lupine', 'Nulla tempus. Vivamus in felis eu sapien cursus vestibulum.', '99', '75', '2020-12-20', '2020-12-30', '2020-11-21 16:27:25.003069', '2', '9', 'f'),
('152', 'Rincon Mountain Rockcress', 'Etiam vel augue. Vestibulum rutrum rutrum neque.', '37', '75', '2020-11-26', '2020-12-24', '2020-11-21 16:27:25.003069', '2', '49', 'f'),
('153', 'Balsampear', 'Nulla suscipit ligula in lacus.', '64', '5', '2020-12-13', '2020-12-27', '2020-11-21 16:27:25.003069', '3', '31', 'f'),
('154', 'Blue Mountain Biscuitroot', 'Donec dapibus. Duis at velit eu est congue elementum.', '77', '86', '2020-12-08', '2021-01-22', '2020-11-21 16:27:25.003069', '4', '20', 'f'),
('155', 'Macbride Cleomella', 'Cras in purus eu magna vulputate luctus. Cum sociis natoque penatibus et magnis dis parturient montes, nascetur ridiculus mus.', '58', '99', '2020-11-25', '2021-01-04', '2020-11-21 16:27:25.003069', '1', '24', 'f'),
('156', 'Hooker''s Inula', 'Vivamus metus arcu, adipiscing molestie, hendrerit at, vulputate vitae, nisl. Aenean lectus.', '49', '14', '2020-11-27', '2020-12-25', '2020-11-21 16:27:25.003069', '2', '28', 'f'),
('157', 'Chaffweed', 'Donec quis orci eget orci vehicula condimentum.', '66', '23', '2020-12-09', '2021-01-02', '2020-11-21 16:27:25.003069', '1', '28', 'f'),
('158', 'Boston Swordfern', 'Integer ac leo. Pellentesque ultrices mattis odio.', '96', '99', '2020-11-29', '2020-12-24', '2020-11-21 16:27:25.003069', '3', '43', 'f'),
('159', 'Crescentia', 'Morbi sem mauris, laoreet ut, rhoncus aliquet, pulvinar sed, nisl. Nunc rhoncus dui vel sem.', '84', '10', '2020-12-07', '2021-01-03', '2020-11-21 16:27:25.003069', '3', '43', 'f'),
('160', 'Eastern Bluestar', 'Aenean fermentum.', '76', '84', '2020-11-28', '2020-12-28', '2020-11-21 16:27:25.003069', '2', '4', 'f'),
('161', 'Swampbush', 'Nulla mollis molestie lorem.', '81', '10', '2020-11-30', '2020-12-23', '2020-11-21 16:27:25.003069', '1', '38', 'f'),
('162', 'Purpletassels', 'Duis bibendum. Morbi non quam nec dui luctus rutrum.', '78', '54', '2020-11-28', '2020-12-25', '2020-11-21 16:27:25.003069', '4', '16', 'f'),
('163', 'Foldedleaf Grass', 'Suspendisse ornare consequat lectus.', '78', '45', '2020-12-12', '2021-01-11', '2020-11-21 16:27:25.003069', '3', '40', 'f'),
('164', 'Peltula Lichen', 'Maecenas pulvinar lobortis est.', '47', '5', '2020-12-15', '2021-01-18', '2020-11-21 16:27:25.003069', '1', '37', 'f'),
('165', 'Swamp Justiceweed', 'Maecenas leo odio, condimentum id, luctus nec, molestie sed, justo.', '25', '91', '2020-11-23', '2021-01-18', '2020-11-21 16:27:25.003069', '4', '27', 'f'),
('166', 'Fuzzy Phacelia', 'Vestibulum quam sapien, varius ut, blandit non, interdum in, ante. Vestibulum ante ipsum primis in faucibus orci luctus et ultrices posuere cubilia Curae; Duis faucibus accumsan odio.', '90', '23', '2020-12-09', '2020-12-30', '2020-11-21 16:27:25.003069', '1', '48', 'f'),
('167', 'Pogonia', 'Nulla ut erat id mauris vulputate elementum.', '23', '20', '2020-12-11', '2021-01-10', '2020-11-21 16:27:25.003069', '3', '15', 'f'),
('168', 'Liverwort Monkeyflower', 'Nulla nisl. Nunc nisl.', '9', '91', '2020-12-13', '2021-01-12', '2020-11-21 16:27:25.003069', '3', '6', 'f'),
('169', 'Netleaf Oak', 'Nulla ut erat id mauris vulputate elementum. Nullam varius.', '92', '29', '2020-11-24', '2021-01-19', '2020-11-21 16:27:25.003069', '2', '23', 'f'),
('170', 'Texas Blacksenna', 'Duis bibendum.', '49', '13', '2020-12-04', '2020-12-31', '2020-11-21 16:27:25.003069', '1', '25', 'f'),
('171', 'Origanum', 'Donec ut dolor. Morbi vel lectus in quam fringilla rhoncus.', '68', '97', '2020-12-16', '2020-12-29', '2020-11-21 16:27:25.003069', '4', '26', 'f'),
('172', 'Santa Clara Valley Liveforever', 'Aenean lectus.', '93', '83', '2020-12-02', '2020-12-26', '2020-11-21 16:27:25.003069', '3', '14', 'f'),
('173', 'Shrubby Woodsorrel', 'Nam ultrices, libero non mattis pulvinar, nulla pede ullamcorper augue, a suscipit nulla elit ac nulla.', '83', '24', '2020-12-11', '2021-01-20', '2020-11-21 16:27:25.003069', '1', '4', 'f'),
('174', 'Prickly Bottlebrush', 'Integer ac neque.', '45', '13', '2020-12-09', '2021-01-02', '2020-11-21 16:27:25.003069', '4', '23', 'f'),
('175', 'Pigweed', 'Phasellus sit amet erat. Nulla tempus.', '29', '41', '2020-12-18', '2021-01-07', '2020-11-21 16:27:25.003069', '4', '43', 'f'),
('176', 'Tropical Tube Tongue', 'Nam nulla.', '49', '68', '2020-12-04', '2021-01-01', '2020-11-21 16:27:25.003069', '4', '42', 'f'),
('177', 'Carelessweed', 'Praesent id massa id nisl venenatis lacinia. Aenean sit amet justo.', '19', '52', '2020-11-30', '2020-12-25', '2020-11-21 16:27:25.003069', '2', '41', 'f'),
('178', 'False Amaranth', 'Integer a nibh. In quis justo.', '40', '28', '2020-11-24', '2021-01-03', '2020-11-21 16:27:25.003069', '1', '15', 'f'),
('179', 'Venus'' Pride', 'Cras in purus eu magna vulputate luctus.', '82', '91', '2020-12-11', '2021-01-17', '2020-11-21 16:27:25.003069', '2', '4', 'f'),
('180', 'Tropical Fanleaf', 'Quisque ut erat.', '24', '58', '2020-12-05', '2021-01-06', '2020-11-21 16:27:25.003069', '4', '3', 'f'),
('181', 'Germander Meadowsweet', 'In sagittis dui vel nisl.', '64', '96', '2020-12-08', '2020-12-27', '2020-11-21 16:27:25.003069', '2', '35', 'f'),
('182', 'Western Singlespike Sedge', 'Suspendisse potenti. In eleifend quam a odio.', '51', '81', '2020-11-30', '2021-01-20', '2020-11-21 16:27:25.003069', '3', '33', 'f'),
('183', 'Whisky Currant', 'Vivamus metus arcu, adipiscing molestie, hendrerit at, vulputate vitae, nisl. Aenean lectus.', '90', '68', '2020-11-25', '2021-01-12', '2020-11-21 16:27:25.003069', '1', '19', 'f'),
('184', 'Kalealaha Beggarticks', 'Integer aliquet, massa id lobortis convallis, tortor risus dapibus augue, vel accumsan tellus nisi eu orci.', '4', '66', '2020-12-10', '2021-01-22', '2020-11-21 16:27:25.003069', '1', '28', 'f'),
('185', 'Globe Fishscale Lichen', 'Morbi vestibulum, velit id pretium iaculis, diam erat fermentum justo, nec condimentum neque sapien placerat ante. Nulla justo.', '38', '56', '2020-12-17', '2020-12-26', '2020-11-21 16:27:25.003069', '4', '47', 'f'),
('186', 'Langsdorf''s Lousewort', 'Duis aliquam convallis nunc. Proin at turpis a pede posuere nonummy.', '39', '21', '2020-12-03', '2021-01-02', '2020-11-21 16:27:25.003069', '4', '48', 'f'),
('187', 'Umbrella Larkspur', 'Morbi vel lectus in quam fringilla rhoncus. Mauris enim leo, rhoncus sed, vestibulum sit amet, cursus id, turpis.', '2', '45', '2020-11-29', '2021-01-03', '2020-11-21 16:27:25.003069', '3', '21', 'f'),
('188', 'Great Leadtree', 'Proin interdum mauris non ligula pellentesque ultrices.', '13', '18', '2020-12-17', '2021-01-22', '2020-11-21 16:27:25.003069', '4', '17', 'f'),
('189', 'Dracontium', 'Vestibulum ante ipsum primis in faucibus orci luctus et ultrices posuere cubilia Curae; Duis faucibus accumsan odio.', '22', '80', '2020-11-22', '2021-01-20', '2020-11-21 16:27:25.003069', '3', '11', 'f'),
('190', 'Rough Hairsedge', 'Cum sociis natoque penatibus et magnis dis parturient montes, nascetur ridiculus mus. Etiam vel augue.', '14', '11', '2020-12-04', '2021-01-04', '2020-11-21 16:27:25.003069', '3', '25', 'f'),
('191', 'Hemlock Waterparsnip', 'Vestibulum rutrum rutrum neque. Aenean auctor gravida sem.', '100', '90', '2020-11-30', '2021-01-14', '2020-11-21 16:27:25.003069', '3', '25', 'f'),
('192', 'Parry''s Rush', 'Donec posuere metus vitae ipsum. Aliquam non mauris.', '80', '6', '2020-12-07', '2020-12-24', '2020-11-21 16:27:25.003069', '3', '24', 'f'),
('193', 'Wright''s Spikemoss', 'Morbi non quam nec dui luctus rutrum.', '42', '5', '2020-12-14', '2021-01-14', '2020-11-21 16:27:25.003069', '3', '49', 'f'),
('194', 'Moscow Salsify', 'Integer ac leo. Pellentesque ultrices mattis odio.', '74', '80', '2020-11-22', '2020-12-31', '2020-11-21 16:27:25.003069', '1', '27', 'f'),
('195', 'Largeleaf Phlox', 'Sed sagittis.', '67', '30', '2020-12-20', '2020-12-25', '2020-11-21 16:27:25.003069', '3', '34', 'f'),
('196', 'Lacy Tansyaster', 'Etiam pretium iaculis justo. In hac habitasse platea dictumst.', '60', '93', '2020-12-03', '2021-01-21', '2020-11-21 16:27:25.003069', '1', '29', 'f'),
('197', 'New Mexico Needlegrass', 'Etiam justo. Etiam pretium iaculis justo.', '17', '76', '2020-11-25', '2021-01-20', '2020-11-21 16:27:25.003069', '3', '48', 'f'),
('198', 'Red Cottongrass', 'Nulla mollis molestie lorem.', '39', '17', '2020-11-23', '2021-01-16', '2020-11-21 16:27:25.003069', '1', '40', 'f'),
('199', 'White-mahogany', 'Donec ut mauris eget massa tempor convallis.', '26', '3', '2020-12-04', '2021-01-12', '2020-11-21 16:27:25.003069', '2', '33', 'f'),
('200', 'Montezuma County Beardtongue', 'Proin at turpis a pede posuere nonummy. Integer non velit.', '64', '4', '2020-12-05', '2021-01-06', '2020-11-21 16:27:25.003069', '2', '31', 'f'),
('201', 'Sand Palafox', 'Sed ante. Vivamus tortor.', '12', '42', '2020-12-17', '2020-12-26', '2020-11-21 16:27:25.003069', '4', '46', 'f'),
('202', 'Southern Watergrass', 'Suspendisse ornare consequat lectus. In est risus, auctor sed, tristique in, tempus sit amet, sem.', '43', '24', '2020-12-09', '2021-01-18', '2020-11-21 16:27:25.003069', '3', '49', 'f'),
('203', 'Elf Orpine', 'Donec vitae nisi.', '69', '23', '2020-11-26', '2021-01-06', '2020-11-21 16:27:25.003069', '4', '25', 'f'),
('204', 'Bunch Kerosene Grass', 'Proin at turpis a pede posuere nonummy.', '56', '88', '2020-12-08', '2021-01-16', '2020-11-21 16:27:25.003069', '2', '13', 'f'),
('206', 'Mock Dandelion', 'Duis bibendum, felis sed interdum venenatis, turpis enim blandit mi, in porttitor pede justo eu massa.', '97', '79', '2020-12-05', '2020-12-26', '2020-11-21 16:27:25.003069', '1', '3', 'f'),
('207', 'Masai Clover', 'Nam congue, risus semper porta volutpat, quam pede lobortis ligula, sit amet eleifend pede libero quis orci. Nullam molestie nibh in lectus.', '14', '59', '2020-11-23', '2021-01-09', '2020-11-21 16:27:25.003069', '3', '47', 'f'),
('208', 'Wright''s Dwarf Gentian', 'Donec vitae nisi.', '4', '96', '2020-12-19', '2020-12-23', '2020-11-21 16:27:25.003069', '2', '37', 'f'),
('209', 'Psorinia', 'Nam congue, risus semper porta volutpat, quam pede lobortis ligula, sit amet eleifend pede libero quis orci.', '78', '62', '2020-11-27', '2021-01-11', '2020-11-21 16:27:25.003069', '1', '41', 'f'),
('210', 'Variable Sandmat', 'Vestibulum rutrum rutrum neque.', '32', '41', '2020-12-05', '2020-12-25', '2020-11-21 16:27:25.003069', '2', '4', 'f'),
('211', 'Stickystem Penstemon', 'Pellentesque viverra pede ac diam. Cras pellentesque volutpat dui.', '51', '19', '2020-11-25', '2021-01-12', '2020-11-21 16:27:25.003069', '4', '21', 'f'),
('212', 'Staghorn Clubmoss', 'In blandit ultrices enim. Lorem ipsum dolor sit amet, consectetuer adipiscing elit.', '68', '78', '2020-12-16', '2021-01-19', '2020-11-21 16:27:25.003069', '4', '24', 'f'),
('213', 'Endive Daisy', 'Nullam molestie nibh in lectus. Pellentesque at nulla.', '56', '95', '2020-11-22', '2020-12-23', '2020-11-21 16:27:25.003069', '3', '11', 'f'),
('214', 'Thickleaf Yerba Santa', 'Quisque porta volutpat erat.', '20', '63', '2020-12-13', '2021-01-12', '2020-11-21 16:27:25.003069', '3', '43', 'f'),
('215', 'Vervain', 'Maecenas rhoncus aliquam lacus. Morbi quis tortor id nulla ultrices aliquet.', '97', '94', '2020-12-11', '2021-01-14', '2020-11-21 16:27:25.003069', '3', '40', 'f');

INSERT INTO "public"."users" ("id", "rut", "first_name", "email", "password", "last_name", "phone", "age", "deleted") VALUES
('6', '1871755646', 'Bruis', 'bbryceson0@bluehost.com', 'TFBEXcNUP5z', 'Bryceson', '9887093830', '38', 'f'),
('7', '1871755646', 'Bruis', 'bbryceson0@bluehost.com', 'TFBEXcNUP5z', 'Bryceson', '9887093830', '38', 'f'),
('8', '3018118645', 'Elora', 'eong1@ihg.com', 'MuOyYPBu1bP', 'Ong', '9923307541', '40', 'f'),
('9', '1317143458', 'Storm', 'sbachnic2@eventbrite.com', 'KxxdOZMTA', 'Bachnic', '4302109402', '26', 'f'),
('10', '5694398482', 'Elliot', 'ekwiek3@soup.io', 'NyAeakjo', 'Kwiek', '9543947239', '40', 'f'),
('11', '6489550691', 'Gabriell', 'gbrew4@youtube.com', 'bu45n5EP', 'Brew', '6317559339', '42', 'f'),
('12', '4167165404', 'Craggy', 'cpioch5@reuters.com', 'zUB6CCxCH5u', 'Pioch', '4351685169', '12', 'f'),
('13', '9132915059', 'Sybila', 'sspeare6@craigslist.org', 'tjoQrvY0', 'Speare', '9599104112', '58', 'f'),
('14', '2394142684', 'Skelly', 'sharpin7@fotki.com', 'ud2CzoJBM', 'Harpin', '4098471389', '17', 'f'),
('15', '8479701148', 'Fredric', 'fruddock8@newsvine.com', '3fiQgMDbBc', 'Ruddock', '8908509791', '52', 'f'),
('16', '3556679853', 'Charita', 'cbetser9@businessweek.com', 'LFZCs8', 'Betser', '9805648164', '32', 'f'),
('17', '2373505885', 'Dena', 'ddoncastera@businessweek.com', 'WOakU33D', 'Doncaster', '3462056605', '28', 'f'),
('18', '6774227316', 'Gunar', 'ggaleb@stumbleupon.com', 'mCTwDgC', 'Gale', '1116836208', '39', 'f'),
('19', '4242017821', 'Emelia', 'esteadec@diigo.com', 'wrwdz4F2Z', 'Steade', '7847605097', '50', 'f'),
('20', '6046458923', 'Clemmy', 'cboytond@eventbrite.com', 'ROXuzqgN6', 'Boyton', '8247542774', '24', 'f'),
('21', '7999472733', 'Talia', 'tjakobssone@cafepress.com', '7GZsAvP2C', 'Jakobsson', '8583033402', '1', 'f'),
('22', '3162387816', 'Lucas', 'llongbonef@surveymonkey.com', 'g7zfrcFIP', 'Longbone', '2577402691', '55', 'f'),
('23', '4841865602', 'Aldis', 'asimonetong@gmpg.org', 'nOfh7NcGsJ1O', 'Simoneton', '4998956651', '29', 'f'),
('24', '0616952422', 'Lia', 'lankerh@google.cn', 'kzcX7MV1d1', 'Anker', '4471776335', '11', 'f'),
('25', '1211811033', 'Constantino', 'cbenbowi@tiny.cc', 'CcdrBgjHcHo', 'Benbow', '6733351617', '11', 'f'),
('26', '1947915719', 'Neille', 'nbuncherj@hhs.gov', '1ae7eqfn', 'Buncher', '6117980588', '39', 'f'),
('27', '5312753575', 'Eugenius', 'eduxfieldk@domainmarket.com', '7idyPMEfOU', 'Duxfield', '6289727192', '55', 'f'),
('28', '1827955850', 'Gradey', 'gsonesl@accuweather.com', 'vr1hRzaFo92', 'Sones', '9625276708', '43', 'f'),
('29', '6345246882', 'Ann-marie', 'agrimmettm@marketwatch.com', 'cRbAu4k', 'Grimmett', '5571876608', '31', 'f'),
('30', '1991273337', 'Penelope', 'pbresmann@xing.com', 'Aygqg9R16W', 'Bresman', '1977118649', '1', 'f'),
('31', '5250872509', 'Sal', 'shanselo@comcast.net', 'eYZhcyUft', 'Hansel', '2287481307', '9', 'f'),
('32', '8499146258', 'Carrol', 'cmathiesonp@pcworld.com', 'CuiPU3JEm0ss', 'Mathieson', '5754266618', '33', 'f'),
('33', '4052760062', 'Wendi', 'wfroudq@cnet.com', '33bgvU', 'Froud', '7274574536', '21', 'f'),
('34', '4492423982', 'Ashley', 'adooleyr@webs.com', 'pTMKmADpI', 'Dooley', '6815728310', '41', 'f'),
('35', '0904100256', 'Gillan', 'gboices@scientificamerican.com', 'tha6akUn', 'Boice', '5244501244', '55', 'f'),
('36', '5569807244', 'Randy', 'rofeeneyt@purevolume.com', 'ltzO1R993XyY', 'O''Feeney', '7378906377', '40', 'f'),
('37', '3525339866', 'Kira', 'kdudderidgeu@wikia.com', 'm1MJmz', 'Dudderidge', '6446932580', '5', 'f'),
('38', '7233712354', 'Dannie', 'dberndtssenv@deliciousdays.com', 'lOvcvZp', 'Berndtssen', '4453087755', '18', 'f'),
('39', '9484960204', 'Evey', 'eclawsonw@ucoz.ru', 'Sr7ztZa', 'Clawson', '6866511573', '28', 'f'),
('40', '4003394536', 'Blinny', 'bclissettx@php.net', '9XaVA3D9', 'Clissett', '2167748769', '4', 'f'),
('41', '0505538021', 'Verine', 'vwissony@hud.gov', 'rkExgmLV', 'Wisson', '3041794437', '1', 'f'),
('42', '5972327775', 'Adriaens', 'aciccottiz@prlog.org', 'EC175wtQfQl3', 'Ciccotti', '9143126565', '21', 'f'),
('43', '6071158157', 'Toddy', 'ttittletross10@ft.com', 'WO7f7BxU0U', 'Tittletross', '3553677991', '27', 'f'),
('44', '9061714128', 'Genni', 'gfitzpayn11@bizjournals.com', 'CkOpuS', 'Fitzpayn', '1448078358', '3', 'f'),
('45', '2126995801', 'Pris', 'pbowdon12@discuz.net', 'WNg3J8am', 'Bowdon', '6972570310', '25', 'f'),
('46', '8123406244', 'Thorvald', 'tarrow13@yelp.com', 'xIM8Cvya', 'Arrow', '3285661076', '36', 'f'),
('47', '0812236370', 'Palmer', 'pcleiment14@wiley.com', 'SJHxv3PEiG', 'Cleiment', '7216225343', '49', 'f'),
('48', '3076585317', 'Starr', 'sbirks15@stumbleupon.com', 'SyHZ1v22', 'Birks', '2362922421', '30', 'f'),
('49', '4526055227', 'Esra', 'ecockill16@photobucket.com', 'taWqj3', 'Cockill', '2288572910', '10', 'f'),
('50', '8009646931', 'Guglielmo', 'gfarebrother17@stanford.edu', 'eGxvIVzboEr', 'Farebrother', '8959037320', '34', 'f'),
('51', '5059973155', 'Jimmie', 'jtichner18@godaddy.com', '16oFiUvxr0', 'Tichner', '8219700846', '38', 'f'),
('52', '5416133901', 'Cooper', 'cbrawson19@hud.gov', 'LzQCHAsKg6AV', 'Brawson', '9747187441', '59', 'f'),
('53', '7597725733', 'Ashleigh', 'anelles1a@zimbio.com', 'HPoXBTiYs', 'Nelles', '8594496683', '1', 'f'),
('54', '0655920856', 'Andy', 'adibden1b@examiner.com', 'pMlYPEn', 'Dibden', '5027297672', '52', 'f'),
('55', '8152120915', 'Dorry', 'dcoraini1c@plala.or.jp', 'MLhpVIIXyOCE', 'Coraini', '2966820147', '47', 'f'),
('56', '0471566824', 'Clara', 'csommerville1d@feedburner.com', 'N533AekG', 'Sommerville', '3003419600', '44', 'f'),
('57', '1514521885', 'Elwyn', 'emarshman1e@tamu.edu', 'dfp34o5jC', 'Marshman', '1824508716', '23', 'f'),
('58', '6191713804', 'Joelie', 'jrycraft1f@reuters.com', 'ndZqSi9NF1TO', 'Rycraft', '2606289312', '30', 'f'),
('59', '7297616472', 'Ariel', 'aoret1g@123-reg.co.uk', 'cfL0JJMlJ', 'Oret', '2624753512', '24', 'f'),
('60', '2813056606', 'Ganny', 'gtoward1h@wsj.com', 'zc8w9ZwfA', 'Toward', '4013814727', '36', 'f'),
('61', '7112927842', 'Adlai', 'aslorach1i@ft.com', 'NkEM063', 'Slorach', '3662332517', '52', 'f'),
('62', '9563750111', 'Dallas', 'derratt1j@mail.ru', 'E0bUPjuIzl1', 'Erratt', '8169605749', '56', 'f'),
('63', '9405492687', 'Harlen', 'hbarnicott1k@macromedia.com', 'VQ9Lvu4', 'Barnicott', '2131889000', '29', 'f'),
('64', '6515071126', 'Sybil', 'ssherred1l@hexun.com', '2r4Ml9jYHhsE', 'Sherred', '7426270484', '38', 'f'),
('65', '8105845159', 'Saw', 'spennini1m@t.co', 'fCFuGz1lqp0L', 'Pennini', '2658581871', '58', 'f'),
('66', '8295636874', 'Pammie', 'pflecknoe1n@blogger.com', 'hSe71w0OoLS', 'Flecknoe', '5131091895', '37', 'f'),
('67', '1498629667', 'Boote', 'bmacguffie1o@icq.com', 'xFpDWNn9', 'MacGuffie', '9271387681', '28', 'f'),
('68', '1045072319', 'Lil', 'ljankowski1p@oracle.com', '6FIFMd', 'Jankowski', '3488871260', '3', 'f'),
('69', '9438166397', 'Hinze', 'hmcalpin1q@yellowpages.com', 'mAQhghtLw', 'McAlpin', '1994294007', '38', 'f'),
('70', '9928817953', 'Dillon', 'dfinnick1r@stumbleupon.com', 'sF0N9sdg5', 'Finnick', '6693532200', '50', 'f'),
('71', '9302849702', 'Sarge', 'sgosnoll1s@ftc.gov', 'F49ReNBhauqx', 'Gosnoll', '2004070900', '45', 'f'),
('72', '7040573049', 'Zarla', 'zolennane1t@yolasite.com', 'cKh8Fc5TZ', 'O''Lennane', '2518210369', '31', 'f'),
('73', '3509473959', 'Cherin', 'canslow1u@nydailynews.com', '4LnQfFEy8', 'Anslow', '4252419970', '29', 'f'),
('74', '8955205737', 'Carroll', 'ccostin1v@go.com', 'wJdvnI53kdv', 'Costin', '1351914342', '43', 'f'),
('75', '0045314225', 'Rudolfo', 'rsclater1w@mashable.com', 'YcbxRZbLRs', 'Sclater', '3206350704', '16', 'f'),
('76', '7512048548', 'Wilt', 'wgehrts1x@berkeley.edu', 'G3SmTuu', 'Gehrts', '1355167776', '2', 'f'),
('77', '3874917375', 'Aggy', 'afullagar1y@ocn.ne.jp', 'F9DqEPwqJ', 'Fullagar', '1255036511', '37', 'f'),
('78', '4479625241', 'Nell', 'npaddingdon1z@fc2.com', 'tmwr3kbHJ5R', 'Paddingdon', '1677784804', '30', 'f'),
('79', '0134738274', 'Field', 'fcathrae20@alibaba.com', 'Dj5AbKiQPXt', 'Cathrae', '9928684107', '8', 'f'),
('80', '2485448936', 'Adeline', 'akimbrough21@howstuffworks.com', 'VPxVPyVhGE4l', 'Kimbrough', '1868479387', '27', 'f'),
('81', '5993811736', 'Seana', 'sfarnes22@ning.com', 'P6vZuVyPNIop', 'Farnes', '6871912933', '27', 'f'),
('82', '9083165137', 'Carly', 'cmeconi23@ted.com', 'OQeJfhILxmZ', 'Meconi', '8407972892', '9', 'f'),
('83', '2575275700', 'Roanne', 'rrawsthorn24@delicious.com', 'GWdVyG', 'Rawsthorn', '7592762020', '52', 'f'),
('84', '5128785637', 'Rosa', 'rmcgeraghty25@hexun.com', 'WT6MNeT', 'McGeraghty', '5027208020', '47', 'f'),
('85', '5162948516', 'Anjela', 'asomerscales26@alexa.com', 'Qu6aAYHP3j', 'Somerscales', '5181566320', '28', 'f'),
('86', '0485311848', 'Brant', 'brandall27@geocities.com', 'l4E2kd8xlF', 'Randall', '8543141982', '50', 'f'),
('87', '6523393990', 'Wood', 'wgonsalvo28@g.co', '676FCl4P', 'Gonsalvo', '8125743847', '17', 'f'),
('88', '6943954843', 'Andie', 'avoce29@chronoengine.com', 'KmGWUiS', 'Voce', '7881770827', '17', 'f'),
('89', '1843133057', 'Eliza', 'earnaut2a@google.ru', 'YCd0JuJZ', 'Arnaut', '3897331645', '19', 'f'),
('90', '9603043663', 'Wyatt', 'wsarre2b@census.gov', '9BtZEyxb', 'Sarre', '3932130303', '60', 'f'),
('91', '6357385009', 'Corilla', 'cbolus2c@mapquest.com', 'O7wFkELV0FL8', 'Bolus', '5396723106', '6', 'f'),
('92', '9068468054', 'Morena', 'msexon2d@loc.gov', 'x8BQVHAh4', 'Sexon', '1124078543', '25', 'f'),
('93', '0345082481', 'Quintana', 'qcannan2e@sbwire.com', 'sGn9FudQwH', 'Cannan', '9314669559', '25', 'f'),
('94', '6077320382', 'Paulie', 'pstubley2f@state.tx.us', 'hYXbA6', 'Stubley', '4026903679', '28', 'f'),
('95', '2483586112', 'Temple', 'tousby2g@blogs.com', 'mJdp4SktK2', 'Ousby', '8376543567', '16', 'f'),
('96', '5668945854', 'Brina', 'bpatten2h@chronoengine.com', 'GwpAQhYzFQTf', 'Patten', '1151634556', '14', 'f'),
('97', '8297142637', 'Galven', 'gchumley2i@icq.com', 'JZkg1jMfUM', 'Chumley', '4437679096', '19', 'f'),
('98', '7825133051', 'Ediva', 'eruecastle2j@jigsy.com', 'ykixnzPGcq', 'Ruecastle', '7339146639', '20', 'f'),
('99', '7875735142', 'Avrit', 'adabel2k@forbes.com', 'N70u44Z05zF', 'Dabel', '5057364312', '27', 'f'),
('100', '7765211437', 'Jeddy', 'jdries2l@sphinn.com', 'JioIlDEt', 'Dries', '3215590704', '32', 'f'),
('101', '4388488072', 'Ddene', 'dharman2m@studiopress.com', 'Z6BGAj2w', 'Harman', '7394255932', '53', 'f'),
('102', '9502307499', 'Sarena', 'sbettis2n@mashable.com', '3g8WZQ0MeqjR', 'Bettis', '6265205384', '49', 'f'),
('103', '3333013517', 'Grazia', 'goakeby2o@jigsy.com', 'iM47Z0hzi', 'Oakeby', '1293304886', '46', 'f'),
('104', '9375829012', 'Thorny', 'tfealy2p@purevolume.com', 'KIScmgZXsufa', 'Fealy', '3026204495', '29', 'f'),
('105', '7571961554', 'Deb', 'dpilbury2q@samsung.com', 'WDZzi8pRVmlT', 'Pilbury', '2219859192', '33', 'f'),
('106', '4658682129', 'Barde', 'bheys2r@rakuten.co.jp', 'ruu12j86tU', 'Heys', '7849679096', '50', 'f'),
('107', '9078373030', 'Barthel', 'bwearn2s@1und1.de', 'SJPlFMR4z', 'Wearn', '1033673450', '47', 'f'),
('108', '1707231685', 'Amory', 'aboskell2t@naver.com', '1B9hjPg', 'Boskell', '6454472879', '2', 'f'),
('109', '4765368648', 'Roxana', 'rloverock2u@zdnet.com', 'rLUbfH9', 'Loverock', '7604293394', '36', 'f'),
('110', '2811831241', 'Ramsay', 'rvince2v@plala.or.jp', 'ZNWs2gv', 'Vince', '2029570172', '23', 'f'),
('111', '6292269435', 'Giff', 'gcomoletti2w@netlog.com', 'LwRRcGr7xi', 'Comoletti', '9013553212', '32', 'f'),
('112', '5885241216', 'Dre', 'dfolker2x@homestead.com', '6mxAMcC', 'Folker', '3162754303', '41', 'f'),
('113', '7229904279', 'Stanford', 'sdadge2y@sfgate.com', 'uCnAXSg', 'Dadge', '7915921766', '18', 'f'),
('114', '0942392124', 'Kathie', 'kwidger2z@biglobe.ne.jp', 'QsLytbvs', 'Widger', '3088000992', '50', 'f'),
('115', '5644194349', 'Geri', 'gmiles30@diigo.com', 'OL0FFxuWj8', 'Miles', '7018315658', '50', 'f'),
('116', '5586767705', 'Yasmeen', 'ycrowest31@cbc.ca', 'X7Guih', 'Crowest', '2445816055', '4', 'f'),
('117', '9294407246', 'Chaddie', 'cstallen32@purevolume.com', 'BRFXDRu', 'Stallen', '3692254626', '19', 'f'),
('118', '7693880073', 'Galina', 'gglasser33@icio.us', '0W7O4kn', 'Glasser', '8277691332', '29', 'f'),
('119', '1830288386', 'Myer', 'mmcghee34@yahoo.co.jp', 'dTHO11xld', 'McGhee', '1782160504', '13', 'f'),
('120', '7539994287', 'Mellie', 'mfroude35@theatlantic.com', 'jdWorqf', 'Froude', '5824939412', '11', 'f'),
('121', '5387354728', 'Davie', 'dglasgow36@jugem.jp', 'pLPrsm', 'Glasgow', '2093699484', '2', 'f'),
('122', '6402898708', 'Odelia', 'oroll37@mail.ru', 'EfraOh', 'Roll', '1989412597', '24', 'f'),
('123', '2421609306', 'Abraham', 'atreadwell38@blogs.com', 'ZG1WLaTplN', 'Treadwell', '9708088715', '35', 'f'),
('124', '5795852911', 'Juliann', 'jpitts39@cbslocal.com', 'zrtfFEiIJ8', 'Pitts', '6943153165', '30', 'f'),
('125', '5360337456', 'Lorita', 'lrannie3a@zimbio.com', 'dI87Oj8Mc', 'Rannie', '5341314656', '55', 'f'),
('126', '8858694477', 'Adriano', 'aallflatt3b@youku.com', 'NGHrz0pW', 'Allflatt', '8422651840', '26', 'f'),
('127', '8626192325', 'Fern', 'fshiril3c@shareasale.com', 'vbd9Ke6', 'Shiril', '7836159947', '3', 'f'),
('128', '2840208614', 'Benito', 'bdik3d@bizjournals.com', 'BSDII8tybnwl', 'Dik', '6614111445', '44', 'f'),
('129', '2328364042', 'Lurette', 'lcollier3e@reference.com', 'L6YM6r4gfRjG', 'Collier', '6252716405', '21', 'f'),
('130', '9649265194', 'Viviyan', 'vhefford3f@mail.ru', 'KmedH532', 'Hefford', '3741110084', '11', 'f'),
('131', '4594613979', 'Cathie', 'cpashen3g@discovery.com', 'XqHUYIP4gAe', 'Pashen', '6042356185', '36', 'f'),
('132', '8848092840', 'Corrie', 'ctotton3h@sourceforge.net', 'ysI6WIRaj', 'Totton', '8644437086', '40', 'f'),
('133', '1970488191', 'Jackson', 'jsarrell3i@ovh.net', '13XxM1hU', 'Sarrell', '2381002724', '24', 'f'),
('134', '9466445124', 'Gertrud', 'gmcgarel3j@ihg.com', 'S3Jn41w2', 'McGarel', '6384558403', '10', 'f'),
('135', '8175668826', 'Lucias', 'lrosenkranc3k@biblegateway.com', 'VvR5UiGkakG', 'Rosenkranc', '3488686948', '33', 'f'),
('136', '5087856764', 'Donetta', 'dcordeiro3l@europa.eu', 'Ie8kLDeWkl', 'Cordeiro', '1256941540', '13', 'f'),
('137', '2995780899', 'Bobbee', 'bkleinhaus3m@theguardian.com', 'MVNgWiTmZN5', 'Kleinhaus', '1086036827', '54', 'f'),
('138', '9225500116', 'Cissiee', 'cbrownsword3n@technorati.com', 'rfzzBL4vVp', 'Brownsword', '4704410480', '35', 'f'),
('139', '9285140956', 'Nanny', 'nnewgrosh3o@123-reg.co.uk', 'fNPz38', 'Newgrosh', '9411971004', '24', 'f'),
('140', '0996150339', 'Wilbert', 'wbernasek3p@domainmarket.com', 'deipUmnKt', 'Bernasek', '6486709797', '1', 'f'),
('141', '2231152099', 'Jacquetta', 'jwooddisse3q@hatena.ne.jp', 'il7Igt5c1Xei', 'Wooddisse', '9874519598', '9', 'f'),
('142', '8900919218', 'Nara', 'nhunston3r@boston.com', '1FslL8', 'Hunston', '8571120193', '18', 'f'),
('143', '9704136719', 'Antin', 'alokier3s@ebay.co.uk', 'pFllUtsghFYp', 'Lokier', '1878160919', '31', 'f'),
('144', '0143596328', 'Roseanna', 'rimlaw3t@goo.gl', 'O6th80MJ', 'Imlaw', '7887080625', '24', 'f'),
('145', '5737561201', 'Florance', 'fpedro3u@about.me', 'XS6FRO', 'Pedro', '3594704832', '48', 'f'),
('146', '2991953190', 'Griselda', 'gway3v@delicious.com', 'ryejn6CF5p', 'Way', '9618213958', '40', 'f'),
('147', '4685712022', 'Debbie', 'dgilpillan3w@amazon.co.jp', 'XXVmU0c', 'Gilpillan', '1405643478', '56', 'f'),
('148', '1425998089', 'Ian', 'ieltun3x@about.me', 'nRymZq', 'Eltun', '2638259405', '2', 'f'),
('149', '2734745685', 'Thurston', 'tlempel3y@blogtalkradio.com', 'ng5p8s6h', 'Lempel', '9863267151', '13', 'f'),
('150', '1236774020', 'Joey', 'jgabel3z@nasa.gov', 'ohYmElkn', 'Gabel', '7509524556', '9', 'f'),
('151', '9249604062', 'Kayla', 'kwilloughey40@icio.us', 'WdJ16Y9', 'Willoughey', '4316807391', '36', 'f'),
('152', '3981774911', 'Arvie', 'aparsons41@princeton.edu', 'u4TZG1f', 'Parsons', '9988849162', '57', 'f'),
('153', '5995992553', 'Marcille', 'mmadle42@github.com', '9TlJ1hbj5', 'Madle', '9542009003', '21', 'f'),
('154', '6252633976', 'Emmalynne', 'ehansberry43@usatoday.com', 'YV615K', 'Hansberry', '2479438069', '18', 'f'),
('155', '9944437232', 'Galven', 'gswallwell44@ucoz.com', 'JI2qGFZi1Tbh', 'Swallwell', '3588484135', '55', 'f'),
('156', '4511715341', 'Rosella', 'rwhelband45@tinyurl.com', 'qMgWHY3MN7t', 'Whelband', '8861576292', '12', 'f'),
('157', '3318070774', 'Scarlet', 'swhittall46@deliciousdays.com', 'Q9WJHBXb9n', 'Whittall', '6621149904', '33', 'f'),
('158', '0761442915', 'Neda', 'nhardwick47@foxnews.com', 'XgGGbpl', 'Hardwick', '6274820837', '36', 'f'),
('159', '1322662761', 'Otho', 'ominger48@soundcloud.com', 'RSlfGmMnFSL', 'Minger', '8844827148', '54', 'f'),
('160', '0851235310', 'Debora', 'dropp49@bravesites.com', 'BNRL3HsCL', 'Ropp', '9141372164', '53', 'f'),
('161', '2991686413', 'Jobey', 'jgilliat4a@mozilla.com', 'sqeLg3JJ31', 'Gilliat', '5748441515', '39', 'f'),
('162', '3740339242', 'Corbet', 'ctwittey4b@ehow.com', 'Ac2Ugh', 'Twittey', '7346679621', '47', 'f'),
('163', '8111677258', 'Hyman', 'hpitkeathly4c@webeden.co.uk', '2DxsOs', 'Pitkeathly', '7762663613', '42', 'f'),
('164', '4761414516', 'Kalinda', 'kletford4d@about.com', '4YHxqh0Y8', 'Letford', '4195662082', '14', 'f'),
('165', '5703122685', 'Sheelah', 'schildes4e@arstechnica.com', 'YXwUXJWQ', 'Childes', '4958078129', '15', 'f'),
('166', '2161273048', 'Abby', 'aguinan4f@seattletimes.com', 'Tb2PDm', 'Guinan', '4741114962', '20', 'f'),
('167', '4698106862', 'Daniel', 'ddillow4g@noaa.gov', 'MvqPnL', 'Dillow', '9747655932', '23', 'f'),
('168', '1911017781', 'Raviv', 'rbiglin4h@jigsy.com', '3vTPsDKv', 'Biglin', '6156361003', '18', 'f'),
('169', '4184312746', 'Artemas', 'amcgready4i@nifty.com', 'KonVHL7p9', 'McGready', '4969850779', '24', 'f'),
('170', '1337438275', 'Stacee', 'sjermy4j@newyorker.com', 'BcbqMg4j', 'Jermy', '4382616483', '38', 'f'),
('171', '7063211510', 'Sande', 'sbretelle4k@ted.com', 'mV2td7E', 'Bretelle', '1806862586', '1', 'f'),
('172', '2688301503', 'Ashlie', 'anorval4l@ameblo.jp', 'KIWKftjV', 'Norval', '7226413015', '47', 'f'),
('173', '3885245222', 'Hubie', 'hburgis4m@t.co', 'L469a1gfAC', 'Burgis', '8261153985', '54', 'f'),
('174', '5309486530', 'Nedda', 'ngordge4n@qq.com', '7IxKRJKdpLaP', 'Gordge', '7595147706', '33', 'f'),
('175', '9409509228', 'Bernadene', 'bgillinghams4o@twitter.com', 'p2yqDkL72i', 'Gillinghams', '2143359334', '39', 'f'),
('176', '3337427311', 'Nissy', 'nrowell4p@oakley.com', 'nxfBNXw2', 'Rowell', '5271179684', '37', 'f'),
('177', '4837621066', 'Catherina', 'cfoggarty4q@dropbox.com', 'ViswYB74', 'Foggarty', '7585821340', '43', 'f'),
('178', '7986344368', 'Adela', 'ahalse4r@microsoft.com', 'Lyi6unWrLb5x', 'Halse', '8656596195', '16', 'f'),
('179', '2431273578', 'Karalee', 'kskewes4s@umn.edu', '5cvG43sC', 'Skewes', '1866460488', '43', 'f'),
('180', '9735399357', 'Micah', 'mrozycki4t@hibu.com', 'nCl7jrz', 'Rozycki', '1072343965', '13', 'f'),
('181', '1406797481', 'Norry', 'nbillborough4u@imageshack.us', 'M5uYy8o', 'Billborough', '9131437720', '8', 'f'),
('182', '0606119605', 'Yoshiko', 'ytonry4v@ezinearticles.com', 'A8TnTGv3f5T', 'Tonry', '3339117916', '11', 'f'),
('183', '9017487319', 'Nikolai', 'nnendick4w@skype.com', 'A2zKHSlex4', 'Nendick', '4771207388', '60', 'f'),
('184', '1978495102', 'Gretna', 'gbutson4x@pen.io', '5R6D4QKx38P', 'Butson', '9439359464', '13', 'f'),
('185', '8523090837', 'Haleigh', 'hclack4y@princeton.edu', 'h3U73a', 'Clack', '4736105715', '45', 'f'),
('186', '5087199714', 'Camey', 'cgillhespy4z@cnet.com', 'bSrKou', 'Gillhespy', '6704964776', '45', 'f'),
('187', '4082535090', 'Tania', 'tmcandrew50@geocities.com', 'HSGHMN3', 'Mc Andrew', '4049083234', '24', 'f'),
('188', '5856735642', 'Arthur', 'amansfield51@php.net', 'oNYbMq598', 'Mansfield', '3646805366', '51', 'f'),
('189', '9894745772', 'Loren', 'ljanata52@nydailynews.com', 'pvjW2Tn1', 'Janata', '2976540395', '55', 'f'),
('190', '6988876106', 'Ulrica', 'ulubman53@mapy.cz', 'LeXc2Cufou', 'Lubman', '1523088167', '28', 'f'),
('191', '1810887583', 'Camilla', 'cfarndon54@wikimedia.org', '2vtZBunj', 'Farndon', '2512743328', '52', 'f'),
('192', '4642456785', 'Rhona', 'rmartignoni55@wikimedia.org', 'STcO6O', 'Martignoni', '5927927389', '41', 'f'),
('193', '2044566768', 'Friedrick', 'fjagiello56@chronoengine.com', '8PhJtGv', 'Jagiello', '3976287428', '24', 'f'),
('194', '0418846065', 'Helga', 'hwhewell57@ameblo.jp', 'jJKN0S', 'Whewell', '7758752493', '32', 'f'),
('195', '5130016692', 'Othelia', 'ocampanelli58@bing.com', 'mHt3TqFk', 'Campanelli', '8671036277', '42', 'f'),
('196', '1306704992', 'Bernie', 'bblackston59@fastcompany.com', '6JpXvJ', 'Blackston', '1433493529', '8', 'f'),
('197', '1585222339', 'Heddi', 'hstoyles5a@columbia.edu', 'YwlOQpok', 'Stoyles', '3443814557', '28', 'f'),
('198', '1555076880', 'Renault', 'rtessyman5b@zdnet.com', 'rInOpM', 'Tessyman', '5751871081', '59', 'f'),
('199', '3762822263', 'Tim', 'tyakuntzov5c@xinhuanet.com', 'PIMKlOHV31K', 'Yakuntzov', '1804708300', '31', 'f'),
('200', '8929011159', 'Bailey', 'bparren5d@ibm.com', '49TjEGTkKhuA', 'Parren', '5648308731', '58', 'f'),
('201', '8592227408', 'Harbert', 'hrobak5e@phoca.cz', 'HfktXyZYOa', 'Robak', '8066333053', '45', 'f'),
('202', '1796160146', 'Karilynn', 'ksugden5f@reference.com', 'zUChTMtZc', 'Sugden', '2874043207', '3', 'f'),
('203', '7987736787', 'Celesta', 'cgronowe5g@nifty.com', 'ZNyrGzgTRH', 'Gronowe', '5498309571', '29', 'f'),
('204', '7443379384', 'Burnaby', 'bsirrell5h@ft.com', 'k6JM2K', 'Sirrell', '9106504913', '32', 'f'),
('205', '8963133544', 'Orv', 'ogulliver5i@msu.edu', 'fl2HEx6', 'Gulliver', '5156895302', '3', 'f'),
('206', '6457905118', 'Sheeree', 'sbrinkler5j@so-net.ne.jp', '6emxHYWperO', 'Brinkler', '6634665218', '27', 'f'),
('207', '7576935670', 'Betsy', 'bfarmloe5k@yandex.ru', '2jRRg2xtmOLZ', 'Farmloe', '4573830647', '59', 'f'),
('208', '5275309088', 'Matthiew', 'mlockner5l@jalbum.net', 'EbQoboS', 'Lockner', '3501354514', '17', 'f'),
('209', '8522205222', 'Orton', 'oglabach5m@wp.com', 'Ibi1ShYpfxN', 'Glabach', '8802027743', '30', 'f'),
('210', '2077720336', 'Pennie', 'pkidgell5n@constantcontact.com', 'jl59dBP', 'Kidgell', '7523349549', '52', 'f'),
('211', '9066693158', 'Jesselyn', 'jclark5o@mlb.com', 'hmOfg4rUmB', 'Clark', '4894095991', '19', 'f'),
('212', '8153802603', 'Phaedra', 'pkeuneke5p@theguardian.com', 'B1eYDdHG', 'Keuneke', '7818111391', '18', 'f'),
('213', '1547391158', 'Felizio', 'fsporton5q@ibm.com', 'FeZLGAS1', 'Sporton', '2949897506', '51', 'f'),
('214', '0141382344', 'Amy', 'acawthron5r@toplist.cz', '155fW0', 'Cawthron', '8981838832', '36', 'f'),
('215', '3559903067', 'Pearline', 'ppickthorn5s@hexun.com', '9vfUF1Yiu', 'Pickthorn', '4988725498', '50', 'f'),
('216', '4038019959', 'Arlene', 'adecarlo5t@zdnet.com', 'zGIaolbwlrd', 'De Carlo', '7567527836', '50', 'f'),
('217', '4755501251', 'Wally', 'wadamek5u@cnbc.com', 'G67YwFLN8H0C', 'Adamek', '2484286869', '18', 'f'),
('218', '4966010867', 'Raven', 'rhammor5v@yolasite.com', 'nz4pCF7AC', 'Hammor', '1638838867', '21', 'f'),
('219', '8972730011', 'Dorian', 'dimesen5w@ask.com', 'GFF8E0AJg06', 'Imesen', '3285529575', '59', 'f'),
('220', '1238949123', 'Muffin', 'mschulke5x@slideshare.net', 'NsUcOC7g', 'Schulke', '3648615548', '49', 'f'),
('221', '9392768032', 'Celestine', 'cyarmouth5y@va.gov', 'x1u9nxbjyAfY', 'Yarmouth', '5694941189', '2', 'f'),
('222', '7015372530', 'Dode', 'dcelier5z@photobucket.com', 'ueCQowbSCE5S', 'Celier', '8766664723', '52', 'f'),
('223', '4695096925', 'Skyler', 'stavernor60@soup.io', 'DUlRZR', 'Tavernor', '2002269988', '28', 'f'),
('224', '6784614306', 'Giffie', 'grichards61@jiathis.com', 'kfsEUG9Vx', 'Richards', '3396171281', '25', 'f'),
('225', '5235037385', 'Babette', 'bwinterbotham62@slashdot.org', '2VtOWlk', 'Winterbotham', '9274873106', '19', 'f'),
('226', '1873668832', 'Atlante', 'acordle63@shareasale.com', 'Pi6mxY6XvZ9q', 'Cordle', '5269346685', '42', 'f'),
('227', '0218642435', 'Pierette', 'pbougourd64@g.co', 'LOoA87hFRmp', 'Bougourd', '3431903428', '60', 'f'),
('228', '8153608254', 'Cindi', 'ctroop65@mashable.com', 'FEsVE5dFC', 'Troop', '7286591691', '59', 'f'),
('229', '0965386136', 'Pearl', 'plomond66@friendfeed.com', 'HrFk4Hqky', 'Lomond', '7624017052', '45', 'f'),
('230', '1276603767', 'Siward', 'sfleming67@xrea.com', 'QwKFCV', 'Fleming', '4926028174', '27', 'f'),
('231', '8728947574', 'Lavena', 'lpanton68@elegantthemes.com', 'zX2zeC7rr', 'Panton', '5202478695', '14', 'f'),
('232', '9510928216', 'Phelia', 'pcurrey69@hibu.com', 'PXPs1mY', 'Currey', '1263083407', '15', 'f'),
('233', '5415644524', 'Honor', 'hburree6a@alexa.com', 'yr0xQyq', 'Burree', '9362271722', '24', 'f'),
('234', '2935650134', 'Marietta', 'msheilds6b@livejournal.com', 'fV7K96', 'Sheilds', '3221786226', '17', 'f'),
('235', '4339264800', 'Helena', 'hpetticrew6c@digg.com', 'XJSI4UoUOVb', 'Petticrew', '3617914062', '45', 'f'),
('236', '8476290829', 'Jess', 'jhousin6d@epa.gov', '8JaFq6P', 'Housin', '3955225801', '4', 'f'),
('237', '1453801316', 'Jerrilee', 'jloveguard6e@booking.com', 'UgUhjEkX8aV', 'Loveguard', '6547721442', '3', 'f'),
('238', '4204144876', 'Marcy', 'mohallihane6f@liveinternet.ru', '74baThwy', 'O''Hallihane', '5585306718', '45', 'f'),
('239', '9180286193', 'Ferdinand', 'fhollows6g@google.pl', 'Eyt6TFYi5Q', 'Hollows', '2391307202', '8', 'f'),
('240', '2607332148', 'Garrick', 'ghalfacre6h@fc2.com', 'QsZyLjR', 'Halfacre', '7369223339', '1', 'f'),
('241', '0127011554', 'Tessi', 'ttatford6i@hatena.ne.jp', '7D2AaO5R', 'Tatford', '5372431074', '42', 'f'),
('242', '5818941806', 'Bartolemo', 'bkightly6j@statcounter.com', 'FaBRiSd', 'Kightly', '6341920389', '29', 'f'),
('243', '0563420296', 'Ayn', 'awreford6k@ucoz.com', 'eyVfWC', 'Wreford', '4404704761', '40', 'f'),
('244', '4419419940', 'Robin', 'rjirik6l@ameblo.jp', 'nDlpM8', 'Jirik', '6168579585', '6', 'f'),
('245', '3952439406', 'Kory', 'kgrimbleby6m@is.gd', 'CqoyTS', 'Grimbleby', '7912038292', '23', 'f'),
('246', '8316025599', 'Ewan', 'emcnay6n@usatoday.com', 'gnh3L0bZS', 'McNay', '4571490314', '34', 'f'),
('247', '8500561732', 'Kerstin', 'knetherclift6o@dmoz.org', '6MgK8xt', 'Netherclift', '5358204482', '13', 'f'),
('248', '5481440860', 'Rose', 'rcamosso6p@ucoz.ru', 'TztuCwBFL', 'Camosso', '6878795295', '2', 'f'),
('249', '4970590488', 'Richardo', 'rtelega6q@hud.gov', 'iaQHmjcq4vm', 'Telega', '2972080779', '44', 'f'),
('250', '7096719895', 'Kirsti', 'kwoodcock6r@slideshare.net', 'npBXu9LYLjL', 'Woodcock', '8503150617', '44', 'f'),
('251', '9877995792', 'Margarita', 'mgetcliff6s@imageshack.us', '6zJ0uyf9i0g', 'Getcliff', '1148529856', '45', 'f'),
('252', '4337762475', 'Irita', 'imerveille6t@bigcartel.com', 'oGAbQqN', 'Merveille', '3217178858', '24', 'f'),
('253', '3252483023', 'Nicolette', 'nfraine6u@cisco.com', 'HUfuLrZivk', 'Fraine', '2433744163', '11', 'f'),
('254', '4114311735', 'Hew', 'hdalston6v@a8.net', 's99TYzmU1Mq', 'Dalston', '7796890348', '51', 'f'),
('255', '2290033460', 'Urson', 'uguidelli6w@csmonitor.com', 'CTfEiqcnEr', 'Guidelli', '8249429388', '2', 'f'),
('256', '4163236512', 'Drew', 'dgoodsall6x@jimdo.com', '73uSspKkh', 'Goodsall', '8102831189', '10', 'f'),
('257', '5440398446', 'Salvatore', 'sespine6y@comsenz.com', 'fKmDRzrBGfqy', 'Espine', '2038266924', '5', 'f'),
('258', '3794557662', 'Brendon', 'bdaouze6z@soundcloud.com', 'SZPCDp8QMhz0', 'Daouze', '7284729853', '54', 'f'),
('259', '2617917452', 'Tory', 'tderoos70@ox.ac.uk', '48Fcqf', 'De Roos', '7638832982', '54', 'f'),
('260', '9473544693', 'Linell', 'lwoonton71@wunderground.com', 'JLAL6b8yuh', 'Woonton', '3319523928', '55', 'f'),
('261', '2967686379', 'Chadwick', 'cirvin72@google.co.jp', 'F1WAXWZxS', 'Irvin', '2954804365', '43', 'f'),
('262', '9400518176', 'Kliment', 'kkemster73@tumblr.com', 'J0GaokX9', 'Kemster', '3762624747', '18', 'f'),
('263', '9807533970', 'Katina', 'kdallimore74@cornell.edu', 'gtHGJJn5i9O7', 'Dallimore', '7238321523', '47', 'f'),
('264', '3064643697', 'Aryn', 'agallyhaock75@ihg.com', 'R3uj1s8', 'Gallyhaock', '3806346242', '16', 'f'),
('265', '7308644555', 'Daveta', 'dbone76@e-recht24.de', 'OmGGwzUS', 'Bone', '5117636560', '44', 'f'),
('266', '6602823859', 'Selinda', 'sscotchmer77@fotki.com', '3toIt1JO', 'Scotchmer', '4584119685', '17', 'f'),
('267', '3285735996', 'Arabella', 'abemand78@china.com.cn', 'MJUMV3E', 'Bemand', '8428496337', '56', 'f'),
('268', '6131979953', 'Malinde', 'mbriance79@cbc.ca', 'QZduF5P5jg', 'Briance', '9875773971', '16', 'f'),
('269', '0753190541', 'Gabriel', 'gpenke7a@hibu.com', '5Z9e4D33Qr', 'Penke', '9387914831', '14', 'f'),
('270', '2053439437', 'Harlan', 'hlibbey7b@vistaprint.com', 'FTSSReOJ', 'Libbey', '8458405720', '12', 'f'),
('271', '0345220298', 'Georgy', 'gridgley7c@hp.com', 'flvRBl2PRz', 'Ridgley', '5271371779', '18', 'f'),
('272', '6273581185', 'Aldous', 'asheehy7d@posterous.com', 'O7ECL3T2', 'Sheehy', '7231041387', '25', 'f'),
('273', '1133484396', 'Mora', 'mscrogges7e@liveinternet.ru', 'v7hl6kueqDP', 'Scrogges', '3547403624', '5', 'f'),
('274', '8009042386', 'Ketti', 'kcolchett7f@paginegialle.it', 'gQEThu', 'Colchett', '1902178969', '56', 'f'),
('275', '1676104699', 'Betty', 'bgymlett7g@who.int', 'h5wc5XyyG', 'Gymlett', '7376869138', '25', 'f'),
('276', '0837693127', 'Bobby', 'bbeachamp7h@mac.com', '5tpWeHd9', 'Beachamp', '8023432045', '21', 'f'),
('277', '8049196534', 'Klarrisa', 'kmackowle7i@mac.com', 'YAcy359xYxv', 'MacKowle', '2937947213', '51', 'f'),
('278', '9367468169', 'Gwyn', 'gveldman7j@va.gov', 'bRDP1DiZ9p8l', 'Veldman', '2007095875', '50', 'f'),
('279', '6071502910', 'Arnuad', 'alangrish7k@salon.com', 'XHV3eg8UU', 'Langrish', '7012633847', '41', 'f'),
('280', '7212503621', 'Teddie', 'tlettsom7l@home.pl', 'duTBwS', 'Lettsom', '2604310732', '22', 'f'),
('281', '0430311969', 'Jarrod', 'jtallyn7m@cnbc.com', 'OxoyRMdxV1', 'Tallyn', '7653011626', '37', 'f'),
('282', '5459804421', 'Ring', 'rrizzolo7n@homestead.com', 'eNAIAUfA', 'Rizzolo', '9449117521', '36', 'f'),
('283', '9988569976', 'Rogerio', 'rbatchley7o@businesswire.com', '8PyOIXnsJOKz', 'Batchley', '3127571085', '8', 'f'),
('284', '7615804648', 'Hortense', 'hphettis7p@reuters.com', 'qQQm6u8ANF3q', 'Phettis', '1174562772', '38', 'f'),
('285', '5706040813', 'Jarret', 'jcretney7q@cnet.com', 'GrsEVy7', 'Cretney', '6105991833', '55', 'f'),
('286', '9080068282', 'Doro', 'dvampouille7r@diigo.com', 'xjmJFnkiGQ', 'Vampouille', '9745987422', '16', 'f'),
('287', '9183388660', 'Haskel', 'hsprigg7s@live.com', 'k8Uam3kf6O', 'Sprigg', '3734603933', '60', 'f'),
('288', '9288626884', 'Orton', 'osieb7t@cyberchimps.com', 'cRy3e8v33', 'Sieb', '9803637961', '8', 'f'),
('289', '0877452768', 'Korrie', 'kfinders7u@wufoo.com', 'pSK3Gu6saHrM', 'Finders', '8025395330', '21', 'f'),
('290', '7188904092', 'Gayle', 'gkabisch7v@irs.gov', 'HKk25kdEo0MF', 'Kabisch', '7362774146', '3', 'f'),
('291', '5616461931', 'Stephan', 'schadwyck7w@mayoclinic.com', 'n9yQfmFmn3m', 'Chadwyck', '5701646485', '1', 'f'),
('292', '2783803249', 'Darlene', 'dgannan7x@trellian.com', 'wMeHOtB1xW', 'Gannan', '2014812091', '57', 'f'),
('293', '0587887085', 'Bernette', 'brevelle7y@wunderground.com', 'jr0Fnwk5HsC', 'Revelle', '4026934533', '14', 'f'),
('294', '1276515035', 'Powell', 'pastles7z@cnbc.com', 'XepfgtFWT', 'Astles', '3927910531', '20', 'f'),
('295', '9861906837', 'Suzanne', 'slovegrove80@independent.co.uk', 'z4DCGzfu8', 'Lovegrove', '8504935447', '21', 'f'),
('296', '0236681802', 'Minni', 'mantal81@reference.com', 'XSemzAEI', 'Antal', '6016753840', '9', 'f'),
('297', '3712402577', 'Kali', 'kdegoe82@smh.com.au', 'JTyAsDOk', 'Degoe', '8601462530', '21', 'f'),
('298', '7767845928', 'Dietrich', 'dahearne83@lycos.com', 'kv1pr1Cnz5OX', 'Ahearne', '5337929136', '35', 'f'),
('299', '7432092324', 'Alvina', 'aquye84@google.com.br', '7TfNU7S49V', 'Quye', '7375806720', '21', 'f'),
('300', '9916639068', 'Travus', 'tmorrott85@icio.us', '2cjNGxWon', 'Morrott', '8034844728', '27', 'f'),
('301', '3882383947', 'Gibby', 'gbarends86@goodreads.com', 'UymwOsnV8', 'Barends', '6803353259', '21', 'f'),
('302', '9925255598', 'Waldemar', 'wpiatti87@scientificamerican.com', 'bQyhvSEd', 'Piatti', '7025680459', '60', 'f'),
('303', '5400126952', 'Claude', 'cjellard88@wunderground.com', 'Ko9s6OH', 'Jellard', '6538250772', '32', 'f'),
('304', '1774886357', 'Cirilo', 'cstickles89@drupal.org', 'fMIOIO', 'Stickles', '4311342972', '3', 'f'),
('305', '0014539720', 'Clem', 'cpeirazzi8a@mozilla.org', 'JrrsbrR', 'Peirazzi', '2177636764', '43', 'f'),
('306', '1050040098', 'Shirleen', 'scharity8b@telegraph.co.uk', '3F7STFKAKIm', 'Charity', '1174254666', '34', 'f'),
('307', '5816685749', 'Salim', 'sfraser8c@amazonaws.com', 'UuqJHH', 'Fraser', '3665305827', '40', 'f'),
('308', '9033424667', 'Derrick', 'dmiskimmon8d@hibu.com', 'b4mhaxKkUyE', 'Miskimmon', '7732601247', '53', 'f'),
('309', '1442616985', 'Den', 'dgloy8e@hexun.com', 'naxl0js58QT', 'Gloy', '2564385343', '34', 'f'),
('310', '4389922727', 'Emmie', 'espeak8f@answers.com', 'k4XHlPr', 'Speak', '2488799906', '24', 'f'),
('311', '9879351373', 'Tamarah', 'tbooy8g@miibeian.gov.cn', 'CakoSBCP19E', 'Booy', '2396470548', '5', 'f'),
('312', '4518403677', 'Erny', 'estonestreet8h@nbcnews.com', '2QC2a7', 'Stonestreet', '4216420276', '38', 'f'),
('313', '8206438075', 'Roddy', 'rledbetter8i@unblog.fr', 'Lz8YBOXfdyS', 'Ledbetter', '3115343232', '40', 'f'),
('314', '3496059910', 'Colin', 'cstonham8j@hud.gov', 'iUCSEcC2T', 'Stonham', '4977908533', '35', 'f'),
('315', '8198858501', 'Abie', 'aelms8k@bloomberg.com', 'BQOW4h', 'Elms', '4246755222', '52', 'f'),
('316', '6049641778', 'Moina', 'mraistrick8l@moonfruit.com', 'kIbNONcMolk', 'Raistrick', '2138325035', '35', 'f'),
('317', '2909488963', 'Roda', 'rruit8m@yelp.com', 'hceGIF', 'Ruit', '2889092028', '4', 'f'),
('318', '2489334607', 'Chrystel', 'clukacs8n@pagesperso-orange.fr', 'Xd3x6D', 'Lukacs', '5122390496', '52', 'f'),
('319', '2564571300', 'Erwin', 'ekidwell8o@creativecommons.org', '21uzC2arYbxU', 'Kidwell', '8871875342', '36', 'f'),
('320', '4810925069', 'Stacie', 'sclinkard8p@merriam-webster.com', 'DcIoYa3', 'Clinkard', '2525230907', '30', 'f'),
('321', '6203926175', 'Walden', 'wflukes8q@amazonaws.com', 'S0ddVGI', 'Flukes', '4771963686', '48', 'f'),
('322', '9060466813', 'Hayes', 'hgriffith8r@skype.com', 'LyraFWt', 'Griffith', '5523102856', '43', 'f'),
('323', '0799230893', 'Clara', 'chamberstone8s@goodreads.com', '95KjGXP9', 'Hamberstone', '4706792850', '24', 'f'),
('324', '5966243499', 'Rena', 'rshelmardine8t@google.nl', 'fgFFZ2rtB', 'Shelmardine', '5322950649', '52', 'f'),
('325', '3559364501', 'Vidovic', 'vskuce8u@nba.com', 'UNaLx0', 'Skuce', '2728497223', '24', 'f'),
('326', '4534736898', 'Reta', 'rmartijn8v@lycos.com', 'wO4kW67Zob3', 'Martijn', '1106480090', '55', 'f'),
('327', '4833149279', 'Wilt', 'wkoche8w@addthis.com', 'btYtrJAk', 'Koche', '4334818835', '56', 'f'),
('328', '7748650905', 'Denys', 'dspykings8x@soup.io', '7HeuZijDrMA', 'Spykings', '2962193343', '59', 'f'),
('329', '3252442511', 'Esmaria', 'eleyson8y@loc.gov', 'iP9Sy9', 'Leyson', '5617250060', '48', 'f'),
('330', '7966125953', 'Israel', 'itowson8z@mozilla.org', 'Mq7C8YFaJnfs', 'Towson', '8364974066', '45', 'f'),
('331', '9566166814', 'Tedi', 'thartridge90@flavors.me', 'W6PtZ90xT7iM', 'Hartridge', '4159133605', '21', 'f'),
('332', '0819906949', 'Torrance', 'traubenheim91@lycos.com', 'BscZnrgS', 'Raubenheim', '7341988649', '8', 'f'),
('333', '7533871697', 'Loise', 'lmarkos92@altervista.org', 'OKwJtHkQ', 'Markos', '5018029847', '45', 'f'),
('334', '8330861884', 'Hubie', 'hhugonneau93@com.com', 'ifeEBqm', 'Hugonneau', '8519581738', '33', 'f'),
('335', '1935456461', 'Hobart', 'hzolini94@last.fm', 'y7QEWbi', 'Zolini', '3912857142', '39', 'f'),
('336', '2758697166', 'Penrod', 'piacovides95@wunderground.com', 'j1hJv22DXF', 'Iacovides', '9685120024', '55', 'f'),
('337', '8137579634', 'Horace', 'hmcilreavy96@domainmarket.com', 'FzzBFNzhY', 'McIlreavy', '1645848676', '58', 'f'),
('338', '8393584583', 'Brady', 'bmoehler97@vimeo.com', 'wmBjscdZ9jf', 'Moehler', '4163708656', '40', 'f'),
('339', '2317030437', 'Linn', 'lattersoll98@dot.gov', 'ukvPEh', 'Attersoll', '5296583641', '12', 'f'),
('340', '8319801588', 'Mariya', 'mhanks99@mozilla.com', 'ekZ7cYMDNFw', 'Hanks', '9132745561', '42', 'f'),
('341', '5862573081', 'Salome', 'swykes9a@netvibes.com', 'OR6Elji2HNOq', 'Wykes', '9138242949', '4', 'f'),
('342', '5656014706', 'Demeter', 'dtwentyman9b@booking.com', 'uEuaWKeK', 'Twentyman', '9366876594', '41', 'f'),
('343', '0304083405', 'Debra', 'diliff9c@plala.or.jp', 'NYAbWwU', 'Iliff', '9727432354', '50', 'f'),
('344', '8281403157', 'Ernest', 'elaroze9d@homestead.com', '3G15yH6N', 'Laroze', '5881320693', '28', 'f'),
('345', '5082062862', 'Laurie', 'lcruikshank9e@fotki.com', 'yQ9njffceo', 'Cruikshank', '8752783773', '59', 'f'),
('346', '1734160317', 'Shirlene', 'ssaltman9f@sun.com', 'bAtQzzOn', 'Saltman', '1895900095', '30', 'f'),
('347', '6214498252', 'Stacey', 'smeagh9g@yale.edu', 'XNW8Gu2u', 'Meagh', '8502598615', '7', 'f'),
('348', '6740214083', 'Justin', 'jcochrane9h@theatlantic.com', 'pxPcWD6x', 'Cochrane', '1881290899', '21', 'f'),
('349', '5782822651', 'Garwin', 'gfawdrie9i@phpbb.com', 'ejEXFIHe', 'Fawdrie', '2466415479', '8', 'f'),
('350', '6143629248', 'Cordelia', 'csmart9j@bbc.co.uk', 'JVBwc9dX', 'Smart', '7227160656', '42', 'f'),
('351', '0406694961', 'Thedrick', 'tmacias9k@nature.com', 'XIDrDpWE', 'Macias', '3041906803', '3', 'f'),
('352', '7094119597', 'Emlyn', 'epestricke9l@surveymonkey.com', 'Fcpl46C5PbaN', 'Pestricke', '3881483607', '26', 'f'),
('353', '4316258472', 'Tracie', 'tmoule9m@shutterfly.com', 'lRMFtO12Xh', 'Moule', '3818987368', '19', 'f'),
('354', '9246735699', 'Mignon', 'mpleasants9n@behance.net', 'B53YryWUf', 'Pleasants', '9742041052', '8', 'f'),
('355', '0724539282', 'Vite', 'vocurran9o@alexa.com', 'URiHczRfntaw', 'O''Curran', '9211785984', '53', 'f'),
('356', '2208253803', 'Shawnee', 'ssmeaton9p@slashdot.org', '1O2rXb', 'Smeaton', '4552098259', '33', 'f'),
('357', '8255650021', 'Stace', 'sstroulger9q@pbs.org', 'fxFQ6wBDa', 'Stroulger', '6799527814', '25', 'f'),
('358', '0266113294', 'Tilda', 'tmcfarlane9r@patch.com', 'N4Q6Ce3x', 'McFarlane', '9024067307', '23', 'f'),
('359', '7971042526', 'Ginger', 'gcobleigh9s@washington.edu', '3jNspiT', 'Cobleigh', '5469785359', '40', 'f'),
('360', '4867742081', 'Ramon', 'rlourenco9t@mysql.com', 'fQGUOhkhqYOC', 'Lourenco', '5299652746', '42', 'f'),
('361', '1106185952', 'Tedman', 'tmccomish9u@webmd.com', 'u6UMN0mezp', 'McComish', '7918178053', '24', 'f'),
('362', '4980958507', 'Zelma', 'zflamank9v@jalbum.net', '0tV0RwT9', 'Flamank', '9853993107', '12', 'f'),
('363', '1364471363', 'Ingeborg', 'islorach9w@un.org', '6Mg68kTt4', 'Slorach', '1138257578', '38', 'f'),
('364', '0439774127', 'Janelle', 'jcollumbell9x@instagram.com', 'zp7qGnUZFV', 'Collumbell', '6125666325', '47', 'f'),
('365', '3665921421', 'Mile', 'mlethieulier9y@flavors.me', 'o7AcyEe', 'Lethieulier', '9104899713', '19', 'f'),
('366', '6497789463', 'Ikey', 'izuker9z@utexas.edu', 'ECy96MJ5p4', 'Zuker', '4248286544', '6', 'f'),
('367', '2063382551', 'Enoch', 'efratsona0@wikispaces.com', 'tjxSWhT9B', 'Fratson', '4146820301', '43', 'f'),
('368', '2059012478', 'Hermione', 'haphalea1@bloglovin.com', 'p5RlpD5', 'Aphale', '9278351094', '17', 'f'),
('369', '7188170053', 'Jeremiah', 'jshemilta2@amazon.de', '36s7fKhnam', 'Shemilt', '4616063422', '11', 'f'),
('370', '5511712744', 'Kynthia', 'kbeadesa3@sbwire.com', 'BHCnFY4', 'Beades', '5676999053', '1', 'f'),
('371', '2034087128', 'Stefania', 'sburbanka4@netlog.com', 'fVYU1Wo', 'Burbank', '9821733992', '33', 'f'),
('372', '8107343105', 'Brigg', 'bblazebya5@auda.org.au', '7wIlcXwWm8', 'Blazeby', '5228092697', '18', 'f'),
('373', '9349648271', 'Bernardina', 'bpaweleca6@hexun.com', 'UScEHvajI', 'Pawelec', '7901932653', '11', 'f'),
('374', '0991019961', 'Corrie', 'ctrunchiona7@sphinn.com', 'ZWCvNrOHhtMg', 'Trunchion', '4977680983', '44', 'f'),
('375', '0056218663', 'Casar', 'cmeadowsa8@disqus.com', 'PL7wCtL', 'Meadows', '1224085782', '38', 'f'),
('376', '0768338659', 'Shawn', 'sglasebrooka9@arstechnica.com', 'P62XH5S', 'Glasebrook', '1702909914', '42', 'f'),
('377', '2799541671', 'Denys', 'dcashaa@google.pl', 'znBNQUaX', 'Cash', '4204717468', '31', 'f'),
('378', '3021807324', 'Elset', 'ecollumbineab@hp.com', 'pkKiaEC6V', 'Collumbine', '8276901931', '1', 'f'),
('379', '2830359156', 'Erwin', 'ebonwickac@cbsnews.com', 'wdfSweWz', 'Bonwick', '4113462820', '36', 'f'),
('380', '8530448326', 'Thain', 'tpyrtonad@topsy.com', 'hzFjQc7Tq', 'Pyrton', '4013639263', '24', 'f'),
('381', '1184983410', 'Alicia', 'atulleyae@booking.com', 'zTcvyI8G0D', 'Tulley', '1344510904', '43', 'f'),
('382', '7126558342', 'Xenos', 'xheissaf@elegantthemes.com', 'YlIpA64eXH', 'Heiss', '1424842625', '38', 'f'),
('383', '3045556164', 'Adolphe', 'aarundelag@aol.com', 'cXuywmPlR', 'Arundel', '7466960918', '22', 'f'),
('384', '0341015521', 'Lucinda', 'lternaultah@oaic.gov.au', 'ejlY9Qwz', 'Ternault', '1538228942', '30', 'f'),
('385', '9652050508', 'Leola', 'ldoughartyai@tripadvisor.com', 'R48rUI83D', 'Dougharty', '8394171682', '54', 'f'),
('386', '9833147754', 'Jase', 'jklarzynskiaj@over-blog.com', 'bszeApl910dw', 'Klarzynski', '9602564644', '24', 'f'),
('387', '8578405185', 'Alvin', 'akensetak@hatena.ne.jp', 'FHWHkHY9IZj', 'Kenset', '1322095705', '9', 'f'),
('388', '4962496170', 'Jaymee', 'jkearleyal@apple.com', '5GDBWzGflyag', 'Kearley', '1048515100', '36', 'f'),
('389', '9525003402', 'Viole', 'vphilcockam@un.org', 'xFuKdzzh3A', 'Philcock', '4287060872', '16', 'f'),
('390', '3603241015', 'Jocko', 'jkerrichan@ftc.gov', 'n8akd6usrglA', 'Kerrich', '5834732446', '57', 'f'),
('391', '8165721796', 'Melodee', 'mblakestonao@vk.com', 'enZtzN', 'Blakeston', '7499712665', '38', 'f'),
('392', '6645680030', 'Terese', 'tcordyap@gravatar.com', '4SQmYo', 'Cordy', '3174527300', '6', 'f'),
('393', '7258669570', 'Javier', 'jsevenaq@bloglines.com', 'A7BUM0T3LOR', 'Seven', '7114179126', '20', 'f'),
('394', '9959060578', 'Conn', 'carmatidgear@fastcompany.com', '4ViD9S41X4l', 'Armatidge', '2679583902', '4', 'f'),
('395', '6811902377', 'Goddard', 'ggoreisras@cnet.com', 'BA9VjY3S', 'Goreisr', '1699949843', '43', 'f'),
('396', '9416107913', 'Joaquin', 'jkigelmanat@amazon.co.jp', 'QotbSox', 'Kigelman', '4665239691', '56', 'f'),
('397', '5846263339', 'Kakalina', 'kyellowleaau@imageshack.us', 'f2RibC', 'Yellowlea', '2429684760', '44', 'f'),
('398', '4583834842', 'Nickie', 'nbabbsav@technorati.com', 'tgvOOSPFJQ1n', 'Babbs', '9344484361', '9', 'f'),
('399', '9530821851', 'Benetta', 'bbrislaneaw@dell.com', 'q1j2pT4lha', 'Brislane', '2183058491', '33', 'f'),
('400', '2314618144', 'Carny', 'cketteringhamax@time.com', 'FnFr8y', 'Ketteringham', '3541456489', '55', 'f'),
('401', '4500079410', 'Erinna', 'ebroadbentay@buzzfeed.com', 'exzMdB6BB3', 'Broadbent', '2742786411', '3', 'f'),
('402', '8112402445', 'Dori', 'dvittleaz@de.vu', 'WI0qHz0', 'Vittle', '8963329076', '28', 'f'),
('403', '3907692663', 'Hale', 'hwetheraldb0@prnewswire.com', 'YgRzciOww4', 'Wetherald', '9613247246', '34', 'f'),
('404', '0380503788', 'Ardelia', 'aflagb1@rambler.ru', 'DzUb7QeaEt', 'Flag', '7117251320', '1', 'f'),
('405', '5641249634', 'Beau', 'bfrisbyb2@nasa.gov', '9qD1IA', 'Frisby', '2581300714', '15', 'f'),
('406', '9865292048', 'Glen', 'giacivellib3@scientificamerican.com', 'Oj6ePRrn3', 'Iacivelli', '3772322662', '23', 'f'),
('407', '6451398005', 'Aluin', 'acolinb4@nydailynews.com', 'svGexH9ib9N', 'Colin', '1986830272', '42', 'f'),
('408', '0572999037', 'Blancha', 'blippittb5@feedburner.com', 'BGdshIT2i', 'Lippitt', '1936634932', '54', 'f'),
('409', '5397075024', 'Fan', 'flukovicb6@alexa.com', 'Byib0gbV', 'Lukovic', '2442937007', '21', 'f'),
('410', '4742674259', 'Arie', 'aechallieb7@apple.com', 'dBGFEENzfF8k', 'Echallie', '4957131177', '20', 'f'),
('411', '1243739591', 'Nelie', 'nillidgeb8@jalbum.net', 'BIQrfhYs', 'Illidge', '5007957893', '32', 'f'),
('412', '9465758613', 'Isabelle', 'ibostickb9@amazon.com', 'LWadjfU', 'Bostick', '4276300083', '41', 'f'),
('413', '7683047929', 'Nissy', 'nmaingotba@google.es', 'SBzyhy7rh', 'Maingot', '4237809303', '9', 'f'),
('414', '3316192491', 'Alphonso', 'aroybb@mozilla.com', 'aM9q41rr1T', 'Roy', '3732502330', '41', 'f'),
('415', '8216130862', 'Gunner', 'gpassbybc@example.com', '5pzdOs2', 'Passby', '9726706539', '54', 'f'),
('416', '4595666994', 'Devin', 'dgibbingsbd@unc.edu', '1630Do', 'Gibbings', '7155579698', '23', 'f'),
('417', '6062672914', 'Sidoney', 'siiannonebe@creativecommons.org', 'CzfHWxfo9TW', 'Iiannone', '3262150389', '32', 'f'),
('418', '6334196557', 'Lorine', 'lschollerbf@virginia.edu', 'Pcp5PlRi', 'Scholler', '2089524378', '39', 'f'),
('419', '6173042836', 'Clemmy', 'clettingtonbg@storify.com', 'V74XyD2OeYa', 'Lettington', '2542230695', '37', 'f'),
('420', '7815355650', 'Rheba', 'rpezeybh@ucoz.com', 'Tcqy4vmJk', 'Pezey', '7809429563', '59', 'f'),
('421', '1564524818', 'Aurlie', 'alovartbi@surveymonkey.com', 'phqcrlrgWAB6', 'Lovart', '8306162690', '5', 'f'),
('422', '0117044705', 'Leslie', 'lratiebj@weather.com', 'OnKmGrWpNU0', 'Ratie', '2152164858', '20', 'f'),
('423', '0079102165', 'Nydia', 'nbaswallbk@umn.edu', 'PPfETF', 'Baswall', '9962805349', '18', 'f'),
('424', '0842590811', 'Neala', 'npiatekbl@biblegateway.com', 'G08yw15JKFOw', 'Piatek', '9273859866', '37', 'f'),
('425', '0032516380', 'Bride', 'blapennabm@oakley.com', '58VuLbpvq', 'Lapenna', '7433468518', '19', 'f'),
('426', '5210593160', 'Johnette', 'jcheccuccibn@free.fr', 'wW6kRkb', 'Checcucci', '2143061046', '36', 'f'),
('427', '6732884222', 'Charla', 'criccobo@1und1.de', 'fO3ftq8Q', 'Ricco', '4325063762', '44', 'f'),
('428', '1478413607', 'Lief', 'lmcclementsbp@tripod.com', 'vGj07W1fnsB', 'McClements', '7924331449', '52', 'f'),
('429', '8144729373', 'Kristal', 'kbaslerbq@issuu.com', '4KyiSnZGCe9i', 'Basler', '2014857267', '44', 'f'),
('430', '0212961744', 'Demetrius', 'ddurstonbr@bluehost.com', 'yx9Wuj', 'Durston', '2367492530', '22', 'f'),
('431', '0442359854', 'Les', 'lpointbs@cdc.gov', 'Tp7dPZlnvJhE', 'Point', '5438144405', '19', 'f'),
('432', '5291533199', 'Jodi', 'jkeoughbt@cyberchimps.com', 'UBkhD6kL8i', 'Keough', '6255875020', '49', 'f'),
('433', '3482605294', 'Shelby', 'stibblesbu@guardian.co.uk', 'niPA8DrxigX', 'Tibbles', '1159105463', '2', 'f'),
('434', '5054490822', 'Nessie', 'nsaunderbv@google.com.au', '9i3YFfiy5h', 'Saunder', '3672634063', '15', 'f'),
('435', '4284763804', 'Giorgio', 'gmullarkeybw@mozilla.org', '0Dmki9Z', 'Mullarkey', '1688090728', '23', 'f'),
('436', '7543253613', 'Alleyn', 'amelrosebx@com.com', 'V8xI8n', 'Melrose', '5646965485', '60', 'f'),
('437', '4517517474', 'Olin', 'ocapaldiby@phpbb.com', 'J1Ua7xX', 'Capaldi', '2689866812', '60', 'f'),
('438', '7299248712', 'Sherwood', 'smcgerrbz@so-net.ne.jp', 'CtslatsA', 'McGerr', '4175473261', '16', 'f'),
('439', '2948586823', 'Ynes', 'ypawellekc0@yahoo.co.jp', 'vdr88b4TNXu', 'Pawellek', '8208864348', '37', 'f'),
('440', '8095127522', 'Micheline', 'mbeeckc1@arizona.edu', 'rW9e5a4B', 'Beeck', '4511569483', '43', 'f'),
('441', '2029260730', 'Claudette', 'cshuttleworthc2@icio.us', '4YPeSPUOqT', 'Shuttleworth', '8994979806', '10', 'f'),
('442', '4192261260', 'Dorrie', 'ddenziloec3@amazon.de', 'SlGaJF62', 'Denziloe', '3688179191', '51', 'f'),
('443', '5601250824', 'Guenevere', 'gpymerc4@printfriendly.com', '0hcsk46Zzh', 'Pymer', '8238120423', '57', 'f'),
('444', '2239726183', 'Meta', 'mbutterfillc5@cnn.com', 'qhPGxEiLki8g', 'Butterfill', '1781622185', '16', 'f'),
('445', '3479505465', 'Nancy', 'ngibbiesonc6@wordpress.com', 'HndE2w9eSHsM', 'Gibbieson', '7737106321', '45', 'f'),
('446', '0843369443', 'Emelyne', 'erouffc7@wordpress.org', 'ZVvnTz5obxj', 'Rouff', '2407414377', '25', 'f'),
('447', '6066012390', 'Erroll', 'emyfordc8@constantcontact.com', 'JNO4Te2cd', 'Myford', '1238713739', '60', 'f'),
('448', '8789536620', 'Sheree', 'smarjoramc9@amazon.co.jp', 'cyG87tdapqwu', 'Marjoram', '7516587793', '56', 'f'),
('449', '6362461301', 'West', 'wmoringca@theguardian.com', '3LpTY12Q', 'Moring', '8675461603', '38', 'f'),
('450', '1353273786', 'Gun', 'gstivanicb@gizmodo.com', '7shpX68HTw', 'Stivani', '2544422369', '38', 'f'),
('451', '0218526729', 'Friedrick', 'freddiecc@shareasale.com', '16SxMNqSR', 'Reddie', '3176450115', '46', 'f'),
('452', '2364938648', 'Shepard', 'sloughcd@macromedia.com', '4T7T9xD039', 'Lough', '7785654457', '44', 'f'),
('453', '6921010321', 'Mirella', 'mfassance@tuttocitta.it', '9uWvGz19tYSz', 'Fassan', '5188079032', '53', 'f'),
('454', '4117895853', 'Hallsy', 'hhoffmancf@reference.com', 'DF91RKXiIw', 'Hoffman', '3703479635', '34', 'f'),
('455', '6477453387', 'Padgett', 'pzealeycg@gmpg.org', 'TOpH5WP6gNk', 'Zealey', '3956910879', '13', 'f'),
('456', '6244679507', 'Karalee', 'knoltech@google.com.au', 'ngvLlVt', 'Nolte', '2791356552', '49', 'f'),
('457', '7576938681', 'Neel', 'nolivierci@de.vu', 'oII6FETgdaT', 'Olivier', '1866680127', '27', 'f'),
('458', '3145418665', 'Cecile', 'cderbyshirecj@storify.com', 'zszHZCWDMrl5', 'Derbyshire', '1293737270', '16', 'f'),
('459', '2642085980', 'Herta', 'hgabeck@php.net', 'icplAt9', 'Gabe', '2284162456', '52', 'f'),
('460', '9319253228', 'Lucinda', 'lsheerincl@a8.net', 'MbTufpVZpVi', 'Sheerin', '5203591784', '21', 'f'),
('461', '8121929283', 'Agnesse', 'abedincm@php.net', 'LMe4ktRLbyF8', 'Bedin', '6621367786', '57', 'f'),
('462', '2888497592', 'Gilberta', 'gconklincn@printfriendly.com', 'CMvcFNOZY', 'Conklin', '8227974358', '50', 'f'),
('463', '1642394282', 'Case', 'cmattussevichco@topsy.com', 'c8c0xB', 'Mattussevich', '5393177054', '59', 'f'),
('464', '0293378019', 'Francesca', 'fkharchinskicp@google.es', 'vDHE2CXSgbcA', 'Kharchinski', '7998803463', '17', 'f'),
('465', '7743057061', 'Carolin', 'ccameroncq@thetimes.co.uk', '1dT0Wu9', 'Cameron', '6226831161', '28', 'f'),
('466', '6803856033', 'Benoit', 'bosgarbycr@jimdo.com', 'P9AlvNjI4', 'Osgarby', '6578594940', '31', 'f'),
('467', '7814342904', 'Penn', 'pvasecs@mysql.com', 'kIGfei4ST', 'Vase', '3397225725', '4', 'f'),
('468', '5963825301', 'Inga', 'itraskct@unesco.org', '2A1RfAbGdu', 'Trask', '6094648593', '34', 'f'),
('469', '7136671749', 'Lilah', 'lplycu@fda.gov', 'lsHrdG046QC', 'Ply', '2275756829', '39', 'f'),
('470', '4280524419', 'Artair', 'asenyardcv@howstuffworks.com', 'lZRujucaXWLe', 'Senyard', '1308601372', '50', 'f'),
('471', '5596242086', 'Culley', 'ciacovonecw@phoca.cz', 'b53c2fG', 'Iacovone', '4495544964', '58', 'f'),
('472', '2059023268', 'Clarette', 'cdroncx@tmall.com', 'mtpN9U9mkK0', 'Dron', '6828542851', '38', 'f'),
('473', '7531365016', 'Jule', 'jmcdonoghcy@symantec.com', 'BciXX3Rj', 'McDonogh', '3926373822', '43', 'f'),
('474', '0995154464', 'Wilmar', 'whenrioncz@reverbnation.com', 'JMsO13JkE', 'Henrion', '6248695149', '33', 'f'),
('475', '3089111273', 'Giselle', 'gkleinschmidtd0@statcounter.com', 'AaPOw9v', 'Kleinschmidt', '2254053824', '19', 'f'),
('476', '2524807000', 'Jerry', 'jgianninid1@sphinn.com', 'hrvrpO', 'Giannini', '7735001229', '44', 'f'),
('477', '2100256624', 'Dorena', 'dbolgerd2@spotify.com', 'Z2dEOzRL7', 'Bolger', '3665085892', '38', 'f'),
('478', '8846166718', 'Davine', 'dlemonnierd3@home.pl', 'AnCoh07cOTI', 'Le Monnier', '9949794181', '24', 'f'),
('479', '8570186341', 'Herby', 'hpittsd4@ocn.ne.jp', '51ZOpK', 'Pitts', '6335865058', '40', 'f'),
('480', '6241011182', 'Abbey', 'atrevertond5@constantcontact.com', 'cEuEmLYhg', 'Treverton', '3156986107', '34', 'f'),
('481', '0152290908', 'Eleonore', 'emackrod6@admin.ch', 'OmGi8tw9FVk', 'Mackro', '1557436699', '54', 'f'),
('482', '7414073646', 'Sheff', 'scleard7@vimeo.com', 'hKFu37VO', 'Clear', '9351916211', '55', 'f'),
('483', '4336682372', 'Rachel', 'rchapellowd8@omniture.com', 'jkMYTW15u', 'Chapellow', '1422124217', '13', 'f'),
('484', '0814567212', 'Dayna', 'dpetracekd9@mtv.com', 'IpGTk4', 'Petracek', '4761576775', '48', 'f'),
('485', '5114166235', 'Gallagher', 'gpaudinda@bravesites.com', 'XK2lMGY1', 'Paudin', '6261844319', '48', 'f'),
('486', '4728541407', 'Fancy', 'fbendigdb@creativecommons.org', 'NYSBID3', 'Bendig', '3257154911', '15', 'f'),
('487', '4670918777', 'Ginger', 'ghallgarthdc@xrea.com', '686LwM9oX', 'Hallgarth', '7692727117', '40', 'f'),
('488', '1161142971', 'Chic', 'cpohlsdd@ycombinator.com', 'fC0Jc38', 'Pohls', '8397205225', '38', 'f'),
('489', '6614867402', 'Bonny', 'bcanasde@noaa.gov', 'j1zu2KA', 'Canas', '7978477288', '57', 'f'),
('490', '2838093167', 'Colet', 'ccasesdf@jiathis.com', 'jmNv7Zgr', 'Cases', '2197426294', '17', 'f'),
('491', '1934153497', 'Didi', 'dhazemandg@cnn.com', 'sGtQkcsmeNn', 'Hazeman', '8157850148', '15', 'f'),
('492', '3207615156', 'Waldon', 'wkalbdh@comcast.net', 'G73CTcw', 'Kalb', '2689768837', '14', 'f'),
('493', '1454127919', 'Dennis', 'dparfreydi@newsvine.com', 'GeRiI2T', 'Parfrey', '2213446506', '44', 'f'),
('494', '9649252399', 'Cecilla', 'crafedj@51.la', 'SUHIuvnyulZ', 'Rafe', '7265616279', '32', 'f'),
('495', '5120776336', 'Mervin', 'mzinckedk@miibeian.gov.cn', '2KHf3YmO', 'Zincke', '3053974171', '8', 'f'),
('496', '5553316283', 'Cacilia', 'cdobbydl@networksolutions.com', 'muXC1hxfxCC', 'Dobby', '9779260067', '29', 'f'),
('497', '6074543505', 'Julie', 'jguentherdm@xinhuanet.com', 'srRd2ObI', 'Guenther', '1984723916', '15', 'f'),
('498', '8875306184', 'Rhiamon', 'rprobeydn@odnoklassniki.ru', 'KREOMHWCZ', 'Probey', '1552545161', '7', 'f'),
('499', '9889392295', 'Annabel', 'alawreydo@wikia.com', 'IuDO7tt', 'Lawrey', '2875997887', '31', 'f'),
('500', '9088767965', 'Izzy', 'ichampedp@omniture.com', 'QWAQsfn1NYex', 'Champe', '1597665906', '7', 'f'),
('501', '3361794371', 'Nikita', 'nmcwhandq@businesswire.com', 'mgxQXjgTLSN', 'McWhan', '9308011517', '57', 'f'),
('502', '6426767427', 'Manda', 'mextondr@sphinn.com', 'R0Lq2ajM4e', 'Exton', '5975533508', '7', 'f'),
('503', '3169368524', 'Johann', 'jcayetds@lulu.com', '8E4OBp3', 'Cayet', '2372056469', '36', 'f'),
('504', '7140281884', 'Britteny', 'bhamordt@sogou.com', 'AuPMCg5D', 'Hamor', '3623603084', '4', 'f'),
('505', '1023716036', 'Mohammed', 'mfolshomdu@csmonitor.com', 'SzfEtJ', 'Folshom', '6593829922', '24', 'f');

INSERT INTO "public"."users" ("id", "rut", "first_name", "email", "password", "last_name", "phone", "age", "deleted") VALUES
('506', '1662822492', 'Catlaina', 'cmcfetridgedv@imgur.com', 'odYoymaZN', 'McFetridge', '7778564604', '55', 'f'),
('507', '8432609659', 'Piper', 'pnimmodw@scribd.com', 'RuWb0WBj', 'Nimmo', '6364103502', '42', 'f'),
('508', '2295639327', 'Cecil', 'ckhidrdx@networksolutions.com', 'Guu79D', 'Khidr', '4636441672', '60', 'f'),
('509', '2832184535', 'Daryl', 'dhackeydy@stanford.edu', 'twDwJcphO799', 'Hackey', '6912957579', '21', 'f'),
('510', '9264020860', 'Jody', 'jbeenhamdz@aboutads.info', 'JYd3QixQ', 'Beenham', '7022083680', '53', 'f'),
('511', '6669993349', 'Gina', 'gvipane0@myspace.com', 'TZ5r2zpz', 'Vipan', '8528069911', '6', 'f'),
('512', '7064179247', 'Winona', 'wfritchee1@moonfruit.com', 'khTluK', 'Fritche', '2562041740', '40', 'f'),
('513', '6938612973', 'Barnie', 'bsharratte2@senate.gov', 'vdSTx5Ush9rK', 'Sharratt', '6147658758', '14', 'f'),
('514', '0217812108', 'Itch', 'iutleye3@google.co.jp', 'v1kW8x', 'Utley', '9393496126', '47', 'f'),
('515', '7104255151', 'Dur', 'dtroughtone4@usnews.com', '6U5lyn7Es1', 'Troughton', '5355912347', '45', 'f'),
('516', '7483543317', 'Dorry', 'dcloughe5@earthlink.net', 'f8dSuaA', 'Clough', '6033653705', '50', 'f'),
('517', '5498409757', 'Patrica', 'pmccollume6@usgs.gov', 'Le6m8GaCT', 'McCollum', '6696072105', '44', 'f'),
('518', '0295657275', 'Diann', 'dthomae7@ucoz.com', 'oHtXLkAycM6', 'Thoma', '3997201937', '7', 'f'),
('519', '0165973887', 'Yolanthe', 'ybrandonie8@smh.com.au', 'NbAObz0eZ9i', 'Brandoni', '2354449967', '58', 'f'),
('520', '3547758284', 'Sally', 'sblemingse9@elpais.com', 'eWJzbR', 'Blemings', '8389770607', '1', 'f'),
('521', '1190185878', 'Florinda', 'faskerea@cnn.com', 'dkoTBe', 'Asker', '3098743718', '54', 'f'),
('522', '2494723747', 'Demetre', 'dbouchardeb@dedecms.com', 'h61cL15PZGp', 'Bouchard', '1597379613', '21', 'f'),
('523', '9076683486', 'Matelda', 'mpounsettec@hugedomains.com', 'gFzx4sA', 'Pounsett', '8968111689', '22', 'f'),
('524', '7031541241', 'Robbyn', 'rfeldbaumed@ameblo.jp', 'VjgueM9Z9XZ', 'Feldbaum', '1552633087', '7', 'f'),
('525', '2183946662', 'Elmira', 'ejindaee@dailymotion.com', 'H7E4egHncwl', 'Jinda', '2303537156', '37', 'f'),
('526', '9530858618', 'Scottie', 'sguilderef@live.com', 'BhIhxp6L0V5a', 'Guilder', '8401331425', '14', 'f'),
('527', '4208324029', 'Rochester', 'rmouateg@arstechnica.com', 'c1pfxP5e', 'Mouat', '7464228260', '48', 'f'),
('528', '8831539412', 'Sofie', 'smarroneh@shutterfly.com', 'ErzwPisxjD', 'Marron', '4125396683', '35', 'f'),
('529', '6846067256', 'Cord', 'chellyerei@pen.io', '1NURtYl', 'Hellyer', '3153760140', '58', 'f'),
('530', '6345806442', 'Stefania', 'sbenkheej@wunderground.com', 'veidhMtIaD', 'Benkhe', '6946215552', '49', 'f'),
('531', '7706913071', 'Ingaberg', 'igrogonoek@unicef.org', 'ecYxJx', 'Grogono', '9012364651', '49', 'f'),
('532', '4446241931', 'Costa', 'cvanhalenel@plala.or.jp', 'nSwYhtsY7ew', 'Van Halen', '2786338966', '32', 'f'),
('533', '7540226905', 'Kate', 'kgiacomettiem@plala.or.jp', 'JMviURxz', 'Giacometti', '5852763942', '28', 'f'),
('534', '2173148515', 'Geraldine', 'gbilsborrowen@stumbleupon.com', 'Wz5G4auNdCT5', 'Bilsborrow', '6675143432', '41', 'f'),
('535', '2254677849', 'Gay', 'gtansilleo@guardian.co.uk', 'IqeHPS5foe3', 'Tansill', '6524796762', '39', 'f'),
('536', '1870995696', 'Val', 'vrotherforthep@berkeley.edu', 'URCIOxdWT', 'Rotherforth', '4848779147', '57', 'f'),
('537', '6863577637', 'Lindie', 'lpopescueq@smugmug.com', 'hUw2id', 'Popescu', '9315940229', '18', 'f'),
('538', '0639944006', 'Farah', 'fcollumbineer@printfriendly.com', 'iPfkv9eIqf2J', 'Collumbine', '6499433512', '31', 'f'),
('539', '7032464516', 'Abra', 'awordenes@cam.ac.uk', '5Aq56x3u', 'Worden', '3145612417', '3', 'f'),
('540', '1286726354', 'Lonnie', 'lrositaet@tiny.cc', 'DGbVw0iOVT', 'Rosita', '5054451429', '23', 'f'),
('541', '4284845781', 'Jereme', 'jtyteu@uiuc.edu', 'rodn3fNAor', 'Tyt', '9016651359', '58', 'f'),
('542', '5258012577', 'Arin', 'aramalheteev@netlog.com', 'YMqCl2JR', 'Ramalhete', '6644006352', '60', 'f'),
('543', '4522500572', 'Gaby', 'gkigelmanew@loc.gov', 'WfLkwPaxQg', 'Kigelman', '7003660820', '21', 'f'),
('544', '4907193469', 'Pierrette', 'pstoddex@marketwatch.com', 'tgKOsiu', 'Stodd', '5613880660', '47', 'f'),
('545', '8835592664', 'Carlin', 'cmatthewey@columbia.edu', 'vpMt5iqoEI', 'Matthew', '9589479228', '57', 'f'),
('546', '3063517113', 'Jocko', 'jburderez@tuttocitta.it', 'nQdRYT7', 'Burder', '1948390985', '22', 'f'),
('547', '5126644920', 'Blanch', 'bmacginleyf0@netvibes.com', 'cfXI9ZofdLH', 'MacGinley', '9713033537', '15', 'f'),
('548', '4115773245', 'Aldin', 'astillyf1@technorati.com', 'c8R9jacfr8e0', 'Stilly', '6751735569', '43', 'f'),
('549', '8129623953', 'Percy', 'pbowkettf2@infoseek.co.jp', 'w8SQ6SJ5', 'Bowkett', '1379948063', '44', 'f'),
('550', '4900078679', 'Lawton', 'lwelchmanf3@e-recht24.de', 'qyuQ0J6f', 'Welchman', '1126691608', '6', 'f'),
('551', '1541144700', 'Kai', 'kashmanf4@ft.com', '5rASdGFJtz', 'Ashman', '1585923957', '49', 'f'),
('552', '0205709934', 'Marne', 'mfostenf5@sphinn.com', 'MKgJcl1q7', 'Fosten', '8761149943', '49', 'f'),
('553', '7370203238', 'Warner', 'wdolligonf6@histats.com', '9lGSuOhKx', 'Dolligon', '1642128326', '4', 'f'),
('554', '5855393683', 'Rawley', 'rclemanceauf7@army.mil', '1Ang9D1hUw', 'Clemanceau', '8035567768', '58', 'f'),
('555', '3920472218', 'Lanny', 'llearf8@yellowpages.com', '1HfAUEZYT', 'Lear', '5876962944', '21', 'f'),
('556', '0479043842', 'Shanda', 'scoileyf9@economist.com', 'c8alUeiF', 'Coiley', '4957987447', '28', 'f'),
('557', '1922604331', 'Marlee', 'mseagravefa@economist.com', 'H89og6', 'Seagrave', '4215094720', '16', 'f'),
('558', '0564538354', 'Egor', 'ewhealfb@cafepress.com', 'ksyjmEx4BqLs', 'Wheal', '8356786138', '20', 'f'),
('559', '5316434986', 'Babb', 'bpevrealfc@stanford.edu', 'vihjdmHM0ief', 'Pevreal', '5571558977', '22', 'f'),
('560', '7863121428', 'Marline', 'mkubickafd@reddit.com', 'pEUlKN', 'Kubicka', '1223658700', '48', 'f'),
('561', '1044116340', 'Darbie', 'dbrychanfe@wikispaces.com', 'u7tyUIY3f0TZ', 'Brychan', '3098148491', '19', 'f'),
('562', '1479519218', 'Yance', 'ydavidsff@slate.com', 'jyMBhqzYR0T', 'Davids', '6149870329', '13', 'f'),
('563', '7463894825', 'Allyn', 'aweekleyfg@flickr.com', 'C4pZyGHTgktn', 'Weekley', '4543881591', '6', 'f'),
('564', '5684921706', 'Fulton', 'foglefh@vinaora.com', 'i0pJot', 'Ogle', '3045167156', '29', 'f'),
('565', '5692135002', 'Collie', 'chammentsfi@tamu.edu', 'n2gmgUDpQ', 'Hamments', '8854354916', '25', 'f'),
('566', '5568266063', 'Pansie', 'pelmanfj@earthlink.net', 'h0GaUyembo', 'Elman', '4047571714', '59', 'f'),
('567', '3048821978', 'Marielle', 'mambrosifk@naver.com', 'Zx1ha6zd9EN', 'Ambrosi', '8708158209', '54', 'f'),
('568', '3547395657', 'Banky', 'bmothfl@liveinternet.ru', 'LAVdCB7pN', 'Moth', '3009759121', '43', 'f'),
('569', '6759619898', 'Merrie', 'mmarkovafm@photobucket.com', 'EQluDtVEank', 'Markova', '1182651354', '26', 'f'),
('570', '5501175064', 'Frannie', 'fkillbeyfn@netscape.com', '1KvBRPTOjI', 'Killbey', '1242588040', '60', 'f'),
('571', '1084810035', 'Inger', 'idiessfo@oakley.com', 'wzEgDi6S7i', 'Diess', '6503637043', '30', 'f'),
('572', '1954571736', 'Trefor', 'tcolquitfp@sakura.ne.jp', 'RgQyBnsGm', 'Colquit', '1054310504', '17', 'f'),
('573', '7585975796', 'Kaia', 'kemmottfq@taobao.com', '5uMdsvL', 'Emmott', '2168225842', '47', 'f'),
('574', '6087509544', 'Jacynth', 'jdawidowiczfr@bloglovin.com', 'VwNqAuR', 'Dawidowicz', '7625576428', '42', 'f'),
('575', '6726763382', 'Bernardo', 'bsheweryfs@berkeley.edu', 'ahaS3VKYu', 'Shewery', '7598893711', '58', 'f'),
('576', '9270887167', 'Cassondra', 'cmcgavinft@123-reg.co.uk', 'ETjjMApK', 'McGavin', '8398767621', '11', 'f'),
('577', '9488081181', 'Elmo', 'elazellfu@zimbio.com', 'K28n1yV', 'Lazell', '2303886648', '36', 'f'),
('578', '8522474583', 'Lilah', 'lutteridgefv@indiatimes.com', 'JOzxyYONWLF', 'Utteridge', '7222191185', '3', 'f'),
('579', '0111237052', 'Marena', 'mhunnicotfw@photobucket.com', 'r8o9jb2', 'Hunnicot', '1998249079', '30', 'f'),
('580', '7127063649', 'Lula', 'lelanfx@edublogs.org', 'pt1Rn7tUN', 'Elan', '3715991827', '46', 'f'),
('581', '5373247632', 'Stephanus', 'skrebsfy@edublogs.org', '4JoePYRLp', 'Krebs', '4977382558', '41', 'f'),
('582', '4933419340', 'Padget', 'pallsopfz@cpanel.net', 'aUpG8LnGL', 'Allsop', '4286331658', '28', 'f'),
('583', '0733712021', 'Fanchette', 'filiveg0@wp.com', 'qoec1oaoIa', 'Ilive', '2006098167', '27', 'f'),
('584', '6110373028', 'Milli', 'mpandyag1@wikipedia.org', 'mY90SDWI', 'Pandya', '5927553664', '6', 'f'),
('585', '3067789085', 'Melita', 'mblaxillg2@sohu.com', 'iwF4VdzVm', 'Blaxill', '8711090191', '42', 'f'),
('586', '8554291953', 'Dani', 'dfraserg3@umich.edu', 'd6iOyj', 'Fraser', '5505669034', '29', 'f'),
('587', '6079702257', 'Wilmar', 'weleng4@cnet.com', '0ciVHipe4', 'Elen', '5014748446', '32', 'f'),
('588', '1436023753', 'Victor', 'vvonhelmholtzg5@cdbaby.com', '5myPtO4BeeEM', 'Von Helmholtz', '4272073055', '45', 'f'),
('589', '0170758474', 'Marna', 'mocurrang6@youtube.com', '6uizWK0', 'O''Curran', '6671427066', '39', 'f'),
('590', '4519172916', 'Vivia', 'vprotherog7@uiuc.edu', 'mwrZEqr9l', 'Prothero', '8027721437', '42', 'f'),
('591', '0011764872', 'Tracie', 'tvasilievg8@prlog.org', 'xVRNTuJkx', 'Vasiliev', '7017671189', '28', 'f'),
('592', '1305636138', 'Bevan', 'bpethrickg9@cornell.edu', 'JbN4fQtONK6N', 'Pethrick', '8752012930', '10', 'f'),
('593', '6699469852', 'Weber', 'wbirdseyega@forbes.com', 'Y1jW7IleQSw', 'Birdseye', '3733810411', '45', 'f'),
('594', '9543643186', 'Sigismondo', 'scastelluccigb@senate.gov', 'faqZhiiab3Nb', 'Castellucci', '8584907521', '28', 'f'),
('595', '4800876423', 'Effie', 'esherringhamgc@angelfire.com', 'sg9znOhww', 'Sherringham', '3637966359', '29', 'f'),
('596', '8672653766', 'Patrice', 'pcragellgd@archive.org', '0a12vWk', 'Cragell', '5572146175', '40', 'f'),
('597', '6582208049', 'Amara', 'alowreyge@admin.ch', 'dmO7rfw', 'Lowrey', '5726567697', '57', 'f'),
('598', '6802211159', 'Darwin', 'dospellisseygf@google.ru', 'Gp9wDLt', 'O''Spellissey', '8939850911', '39', 'f'),
('599', '2132320590', 'Rosanna', 'rwestgg@opensource.org', 'iTmSlHCobzKQ', 'West', '3173242798', '53', 'f'),
('600', '9430791046', 'Joletta', 'jcollimoregh@last.fm', 'jvUk9n9q', 'Collimore', '7104456717', '54', 'f'),
('601', '4592394873', 'Curcio', 'cwithurgi@ow.ly', 'HVtxMFdfha9', 'Withur', '1154046332', '15', 'f'),
('602', '9836836026', 'Sampson', 'sbatmangj@hhs.gov', 'Y9uqbHs5D', 'Batman', '8597429664', '2', 'f'),
('603', '4803646998', 'Gib', 'gprestiegk@craigslist.org', '8UFuVZ7fBYjK', 'Prestie', '8721103217', '15', 'f'),
('604', '0728687932', 'Wayland', 'wspilemangl@deviantart.com', 'DZxLGzU', 'Spileman', '6486021129', '13', 'f'),
('605', '1342760074', 'Crichton', 'cfilshingm@shareasale.com', 'ovmCTI', 'Filshin', '2433697662', '27', 'f'),
('606', '2917306889', 'Myra', 'marchbaldgn@nyu.edu', 'fSnsyblI1NI', 'Archbald', '9398062787', '26', 'f'),
('607', '6637759128', 'Philly', 'pwinspargo@bizjournals.com', '7rWrTpxT4', 'Winspar', '3349784130', '37', 'f'),
('608', '4249141097', 'Hadlee', 'hlescopgp@thetimes.co.uk', 'ouwVuV3oh', 'Lescop', '9677615025', '12', 'f'),
('609', '9069114154', 'Lyle', 'lbeetgq@domainmarket.com', 'FEVPVvYDjT8', 'Beet', '9539151687', '5', 'f'),
('610', '2424622976', 'Malchy', 'myankingr@epa.gov', 'McPqaixU20', 'Yankin', '7493091859', '44', 'f'),
('611', '9670395500', 'Fairleigh', 'fellacombegs@shutterfly.com', 'FbZVaRwT', 'Ellacombe', '2874591848', '48', 'f'),
('612', '4186391628', 'Tedie', 'tcuredellgt@home.pl', 'H4bBopfM', 'Curedell', '3445158593', '11', 'f'),
('613', '1863080870', 'Corinne', 'cyewmangu@squidoo.com', '8h1kzlI3Mk', 'Yewman', '2562003156', '18', 'f'),
('614', '9469248567', 'Mac', 'mlintallgv@drupal.org', 'lxwF3QkJAKDt', 'Lintall', '3168547207', '13', 'f'),
('615', '7706420722', 'Margaret', 'mheffordgw@so-net.ne.jp', 'qQxPBz', 'Hefford', '7815815740', '14', 'f'),
('616', '1124581113', 'Bertie', 'bchastongx@plala.or.jp', 'UJh4yP6YI', 'Chaston', '9388771414', '41', 'f'),
('617', '8006557141', 'Elton', 'eberthomiergy@over-blog.com', 'hidVRrMxNv', 'Berthomier', '3552031573', '6', 'f'),
('618', '3775605198', 'Enrica', 'efitzmauricegz@hatena.ne.jp', 'wN33TksWW', 'Fitzmaurice', '2656688069', '13', 'f'),
('619', '0475666872', 'Elke', 'ejacketth0@networkadvertising.org', 'ibQZiiOm', 'Jackett', '2035125442', '40', 'f'),
('620', '4265600671', 'Mariana', 'mmeelandh1@bandcamp.com', 'DqALSYD1iED', 'Meeland', '2014681649', '2', 'f'),
('621', '8760286842', 'Darryl', 'dglasgowh2@g.co', 'JBquUAu', 'Glasgow', '5205084551', '3', 'f'),
('622', '4481598343', 'Shirley', 'srenzulloh3@un.org', 'Wes13aK', 'Renzullo', '8281902564', '58', 'f'),
('623', '6130269999', 'Bianca', 'bculleyh4@scientificamerican.com', 'TQ8zeNRvRxA', 'Culley', '6871455235', '42', 'f'),
('624', '7470288115', 'Ally', 'abuskeh5@ask.com', 'lx2sRlz8', 'Buske', '7072955750', '15', 'f'),
('625', '3597521264', 'Agnese', 'aharnettyh6@flavors.me', 'pWLWtcbpWAg', 'Harnetty', '6859180540', '20', 'f'),
('626', '7906164779', 'Abigale', 'adescroixh7@java.com', 'mx2LdBlpQoQF', 'Descroix', '4679923165', '6', 'f'),
('627', '7645245188', 'Shalom', 'sleyrroydh8@squarespace.com', 'tBGfNzCPx', 'Leyrroyd', '4568888856', '38', 'f'),
('628', '6689856273', 'Juana', 'jschimkeh9@bluehost.com', 'hwbLGtQdHt', 'Schimke', '1031806794', '36', 'f'),
('629', '3821367572', 'Dorree', 'dbartulha@github.io', '3lCKZwOj', 'Bartul', '1698009793', '46', 'f'),
('630', '7213153506', 'Simonne', 'skitsonhb@squidoo.com', 'cDRa0y5', 'Kitson', '8308928446', '5', 'f'),
('631', '6960873895', 'Pembroke', 'pschofflerhc@comcast.net', 'vuaNkG1W', 'Schoffler', '4302809549', '59', 'f'),
('632', '1920416375', 'Aaron', 'acorhardhd@cbslocal.com', 'AhOMV4d', 'Corhard', '3113858417', '50', 'f'),
('633', '1170816133', 'Dotti', 'dbeddoeshe@utexas.edu', 'vOV4vrP', 'Beddoes', '9196267239', '13', 'f'),
('634', '3340748433', 'Gardener', 'ghannumhf@statcounter.com', 'sJOYtvPB', 'Hannum', '5576024431', '6', 'f'),
('635', '6130902011', 'Margette', 'mandriuzzihg@nps.gov', 'sjtjWL5p2', 'Andriuzzi', '2692495655', '48', 'f'),
('636', '5223493606', 'Ethelyn', 'epriddinghh@goo.gl', 'Pn3EzY', 'Pridding', '2959437328', '32', 'f'),
('637', '2377199532', 'Cirstoforo', 'cfratsonhi@prlog.org', 'mhWkRx', 'Fratson', '6835606788', '46', 'f'),
('638', '9518675681', 'Gonzalo', 'gchilderleyhj@t-online.de', 'howUxp', 'Childerley', '9069573713', '38', 'f'),
('639', '2124378166', 'Carolynn', 'ckerleyhk@dagondesign.com', '7MgiAtn3iya', 'Kerley', '3418807424', '55', 'f'),
('640', '8249304474', 'Waldon', 'wshakspearehl@oracle.com', '7U8l6jPzQE3K', 'Shakspeare', '2552349205', '41', 'f'),
('641', '3570192805', 'Sam', 'sziemhm@cdbaby.com', 'eKyYXmxFM1', 'Ziem', '8893349504', '48', 'f'),
('642', '6739093002', 'Leah', 'lbealtonhn@nytimes.com', 'IbAmqxv', 'Bealton', '3544175646', '16', 'f'),
('643', '5125343672', 'Wood', 'wtanswillho@cafepress.com', '44NqSz', 'Tanswill', '1068304868', '58', 'f'),
('644', '2436004067', 'Cyrill', 'cmutterhp@boston.com', 'H6Tw1Tyd', 'Mutter', '6547216358', '31', 'f'),
('645', '7114138358', 'Hillery', 'hbeamenthq@amazon.co.jp', 'H8MXF9', 'Beament', '4511216283', '16', 'f'),
('646', '2398147796', 'Maribel', 'mleballhr@nydailynews.com', 'eAAuuh', 'Le Ball', '8477095907', '10', 'f'),
('647', '9525507609', 'Van', 'vvanderhoevenhs@oaic.gov.au', 'gW8ya3AuFwqd', 'Van der Hoeven', '6746433914', '39', 'f'),
('648', '9245265105', 'Goddart', 'gmcdavidht@pinterest.com', 'UjCliHN', 'McDavid', '3534076938', '4', 'f'),
('649', '7563846213', 'Karlotta', 'kburnephu@techcrunch.com', 'Dbt65FVVu', 'Burnep', '7437482428', '47', 'f'),
('650', '1394641152', 'Francesca', 'ficzokvitzhv@blog.com', '7pDlGd', 'Iczokvitz', '3143474867', '38', 'f'),
('651', '1055562166', 'Myles', 'mcoenraetshw@free.fr', 'JCHAEae0kXcn', 'Coenraets', '6221281678', '29', 'f'),
('652', '1222640569', 'Roland', 'rjanuszkiewiczhx@ning.com', 'yE0JHuPfb', 'Januszkiewicz', '8082749069', '6', 'f'),
('653', '5416392450', 'Ravid', 'rcorneyhy@bloglines.com', 'ULBsnwaQBki', 'Corney', '9131174581', '30', 'f'),
('654', '8347070561', 'Phylis', 'pearneyhz@deviantart.com', 'IS5HjcwoE', 'Earney', '6869767645', '58', 'f'),
('655', '0642437244', 'Adda', 'aiacomii0@ehow.com', 'vdb4C9ndREUP', 'Iacomi', '7953452072', '21', 'f'),
('656', '6246783458', 'Mae', 'mgulleni1@si.edu', 'O4qLbxCAGo', 'Gullen', '4135537103', '27', 'f'),
('657', '5081382190', 'Malachi', 'mcrispi2@discovery.com', 'xsfwc7NmEHfP', 'Crisp', '3235433811', '12', 'f'),
('658', '5484395449', 'Antonia', 'aimmsi3@nsw.gov.au', 'CeHoUbc', 'Imms', '5315698954', '23', 'f'),
('659', '6937520460', 'Webb', 'wcoburni4@pen.io', 'UH8Udd8hUo', 'Coburn', '4779433521', '1', 'f'),
('660', '0114281289', 'King', 'ktipplei5@tamu.edu', 'pW6u1bI3', 'Tipple', '9973325405', '60', 'f'),
('661', '7402012791', 'Pablo', 'pgecksi6@sogou.com', 'HJavTojH', 'Gecks', '9468102840', '37', 'f'),
('662', '2990164224', 'Germayne', 'gmullinsi7@myspace.com', 'Ps2q7j5C', 'Mullins', '3082896741', '53', 'f'),
('663', '4123248333', 'Chadwick', 'clindleyi8@lycos.com', 'SR5W21iAR', 'Lindley', '7308083120', '30', 'f'),
('664', '2982402932', 'Beau', 'bburtwistlei9@patch.com', 'ZZPoI7S372', 'Burtwistle', '5583186892', '6', 'f'),
('665', '6445458213', 'Pattie', 'pplewrightia@ask.com', 'VOKoDHPMXl2e', 'Plewright', '5914253691', '43', 'f'),
('666', '3774932533', 'Sebastien', 'sglynib@dmoz.org', 'tyh4AmzOkj', 'Glyn', '3746466254', '53', 'f'),
('667', '1938679915', 'Barbe', 'bdanilovitchic@pcworld.com', 'iJsHHYNy7', 'Danilovitch', '8194628332', '9', 'f'),
('668', '7785775795', 'Johnny', 'jmerietid@biblegateway.com', 'VdTsOj1tMp', 'Meriet', '8746350774', '52', 'f'),
('669', '7970514573', 'Jordan', 'jmuckie@istockphoto.com', 'P3mvaFb57BQ', 'Muck', '3979761745', '18', 'f'),
('670', '4494959687', 'Miner', 'mspekeif@wired.com', 'zLETYPEpxA', 'Speke', '5718325033', '44', 'f'),
('671', '5047096121', 'Denney', 'dshellyig@acquirethisname.com', 'JFTHUYJKg', 'Shelly', '9229204683', '21', 'f'),
('672', '6716773085', 'Tristam', 'tguyonneauih@hao123.com', 'XnLbTSJY54', 'Guyonneau', '6897211353', '27', 'f'),
('673', '4681281786', 'Wolfy', 'wclewarthii@ovh.net', 'MKl4iJYIqq7', 'Clewarth', '3733502969', '30', 'f'),
('674', '3422666702', 'Walt', 'wcominoliij@webeden.co.uk', '38unoEhHw6h', 'Cominoli', '3555052828', '8', 'f'),
('675', '6912765076', 'Indira', 'irudramik@mozilla.org', 'Bqwys50FN', 'Rudram', '7203408871', '4', 'f'),
('676', '5629378739', 'Sascha', 'serettil@blogs.com', 'mZ4wd1MYo8', 'Erett', '3551289785', '18', 'f'),
('677', '7525874100', 'Mair', 'mdevonshireim@sourceforge.net', '2eQgkEidiqdy', 'Devonshire', '2147903403', '45', 'f'),
('678', '3094203396', 'Ulla', 'ucopsin@creativecommons.org', 'ZkRQ8L5FHVHK', 'Cops', '1383149611', '51', 'f'),
('679', '6483131220', 'Burke', 'bburrilio@behance.net', 'KKpKsy', 'Burril', '1322844511', '4', 'f'),
('680', '4065541741', 'Happy', 'hbishoppip@netscape.com', '4C4vlL', 'Bishopp', '6333782462', '27', 'f'),
('681', '1806449590', 'Edouard', 'emartineauiq@cnn.com', 'mvA1wWj', 'Martineau', '2854198835', '7', 'f'),
('682', '8975780703', 'Hermina', 'hsommerlieir@merriam-webster.com', 'JgXv6CM', 'Sommerlie', '6468417099', '56', 'f'),
('683', '0738249349', 'Cullie', 'coxburyis@unblog.fr', 'oKUxVizKvTM', 'Oxbury', '1182696463', '6', 'f'),
('684', '8658886461', 'Thorvald', 'tcontiit@vk.com', 'IwaRRw7', 'Conti', '4331381715', '8', 'f'),
('685', '9567706479', 'Brewer', 'btrimmingiu@ucoz.ru', 'mGhohAUxc7Zh', 'Trimming', '6412921928', '51', 'f'),
('686', '1704542449', 'Germain', 'gokeeffeiv@pinterest.com', 'iAaFjMw3', 'O''Keeffe', '9249834462', '6', 'f'),
('687', '8531839980', 'Rikki', 'rhamberstoniw@1und1.de', 'gEIV1v5L', 'Hamberston', '7305703773', '60', 'f'),
('688', '6360070368', 'Belinda', 'bbatisseix@blogs.com', 'DEg0IZKw4z6', 'Batisse', '4252244369', '9', 'f'),
('689', '6784769402', 'Mona', 'mkeyteiy@tamu.edu', 'aLjOzhNvV1', 'Keyte', '2771854660', '54', 'f'),
('690', '6628510688', 'Marris', 'mohagirtieiz@fda.gov', 'ybr28d42h6U', 'O''Hagirtie', '7328849739', '1', 'f'),
('691', '7642556256', 'Winfred', 'wteidemanj0@irs.gov', 'uLOhm5', 'Teideman', '3314076922', '7', 'f'),
('692', '7343048357', 'Dietrich', 'dhintzerj1@ask.com', 'JwxfXiecX', 'Hintzer', '5405135800', '26', 'f'),
('693', '9765235025', 'Scarlet', 'smanneringj2@samsung.com', 'KKltjNAjLef', 'Mannering', '9678063362', '7', 'f'),
('694', '5782349920', 'Adelaide', 'agabottij3@google.com.au', '9VVXwYgR6dwL', 'Gabotti', '9024759841', '48', 'f'),
('695', '7908944907', 'Zackariah', 'zrenolsj4@joomla.org', 'UZBGsvNs', 'Renols', '5786250319', '41', 'f'),
('696', '1990274104', 'Anni', 'awalkleyj5@ehow.com', 'WfFRpw', 'Walkley', '8141956530', '33', 'f'),
('697', '2001064058', 'Gabe', 'gventumj6@fema.gov', '0V3lue4gt63', 'Ventum', '2086762279', '8', 'f'),
('698', '0957931528', 'Gladys', 'ghazemanj7@businesswire.com', 'LW2yIRb', 'Hazeman', '4954068353', '19', 'f'),
('699', '4418665420', 'Zonnya', 'zmeldingj8@joomla.org', 'O9ptWLPAj4eY', 'Melding', '5549098388', '3', 'f'),
('700', '3996466712', 'Lorenza', 'lmartinonj9@aboutads.info', 'eJyzq7', 'Martinon', '5319358741', '40', 'f'),
('701', '2530750709', 'Tessy', 'tbernadotja@forbes.com', 'WhEMo8MET8', 'Bernadot', '5676196421', '59', 'f'),
('702', '0880749064', 'Vachel', 'vcaslinjb@dot.gov', 'Y8riBIrz6', 'Caslin', '9036950573', '38', 'f'),
('703', '2712796561', 'Evelina', 'emcmeylerjc@hubpages.com', 'uR3oMAHKmTH', 'McMeyler', '6224782688', '8', 'f'),
('704', '0906144477', 'Myrle', 'mbabinskijd@ft.com', 'kQzu7yJx9mT', 'Babinski', '3837781487', '50', 'f'),
('705', '3732510699', 'Evania', 'ealbertsje@elpais.com', '8bk6LVUBb', 'Alberts', '6796176837', '34', 'f'),
('706', '2750758207', 'Sophey', 'srawlsjf@wikispaces.com', '0C3mC717efcs', 'Rawls', '5307231283', '54', 'f'),
('707', '5594023678', 'Ania', 'atunnajg@wired.com', 'lQnhtbMG4IM', 'Tunna', '3479659828', '44', 'f'),
('708', '4671947286', 'Darb', 'dvolckerjh@eventbrite.com', 'ZROq8h', 'Volcker', '8036491740', '25', 'f'),
('709', '6491837227', 'Daphne', 'dcastelotji@seattletimes.com', 'xC15FvcDC', 'Castelot', '5771386877', '45', 'f'),
('710', '3906206042', 'Koral', 'khammanjj@skype.com', 'Z2d3h4P', 'Hamman', '8377753773', '9', 'f'),
('711', '4172823476', 'Issy', 'iilyuninjk@patch.com', 'RMZ3mJgexLeD', 'Ilyunin', '8888673440', '54', 'f'),
('712', '4813571322', 'Madlen', 'mbrusterjl@intel.com', 'XAYhp0JjqL', 'Bruster', '8993154159', '42', 'f'),
('713', '9139757163', 'Gaylord', 'gadamovjm@bloomberg.com', '1SkNb5ni', 'Adamov', '3453612197', '54', 'f'),
('714', '8204845198', 'Cos', 'callikerjn@blinklist.com', 'y51dDcJFcFE', 'Alliker', '2067901020', '46', 'f'),
('715', '8974494488', 'Boyd', 'bbrosijo@furl.net', 'RciMwWYkFK', 'Brosi', '5396884531', '57', 'f'),
('716', '7397081973', 'Marlane', 'mgaythwaitejp@bbb.org', 'UPf1MbFuPYzF', 'Gaythwaite', '3707038297', '34', 'f'),
('717', '2885302160', 'Shurlocke', 'slonglandsjq@ft.com', 'eClTJzblS', 'Longlands', '4054989855', '58', 'f'),
('718', '4930133028', 'Con', 'chachejr@creativecommons.org', 'QDEcYiGA', 'Hache', '1956747792', '55', 'f'),
('719', '7265727539', 'Udale', 'ucakebreadjs@china.com.cn', 'Bcgm5wi', 'Cakebread', '6692278036', '36', 'f'),
('720', '5842955845', 'Delcina', 'dmebiusjt@dion.ne.jp', 'icyLgTyTpIRR', 'Mebius', '6343338008', '34', 'f'),
('721', '5264948294', 'Kathrine', 'ktonnesenju@amazonaws.com', 'vRL7yz4R', 'Tonnesen', '2537913689', '1', 'f'),
('722', '5407897680', 'Craggy', 'cbooleyjv@gizmodo.com', 'H7OkO1G', 'Booley', '7604766404', '27', 'f'),
('723', '7403414563', 'Hayward', 'hjacobowitzjw@umich.edu', '0kFGlJCj1U3', 'Jacobowitz', '2807605994', '23', 'f'),
('724', '0712432863', 'Silvano', 'scleynmanjx@bigcartel.com', 'nlKFCOnSSj', 'Cleynman', '4474874535', '37', 'f'),
('725', '9194655553', 'Neville', 'nblowenjy@addthis.com', 'MCJ1grsVTWR', 'Blowen', '3363349667', '8', 'f'),
('726', '4288543452', 'Jedediah', 'jmaccrackenjz@hostgator.com', 'JkvZrW', 'MacCracken', '4462298523', '32', 'f'),
('727', '1372989865', 'Doe', 'dwalchk0@hc360.com', 'LYHkGKl', 'Walch', '7043027099', '38', 'f'),
('728', '9060181587', 'Any', 'aatleek1@gravatar.com', 'K6Mojf4QF5yv', 'Atlee', '3304272687', '20', 'f'),
('729', '2681520180', 'Rurik', 'rcorrieak2@slate.com', 'IaoV3JskkpW', 'Corriea', '1506392358', '34', 'f'),
('730', '2457045727', 'Humphrey', 'hroubayk3@linkedin.com', '9mVCivfyKR', 'Roubay', '7556284251', '11', 'f'),
('731', '0734505902', 'Gerhardt', 'gthallerk4@usnews.com', 'DGcVWcdm', 'Thaller', '5213722143', '58', 'f'),
('732', '5779739278', 'Helaina', 'hattewillk5@cbsnews.com', 'LLvj86w8yT', 'Attewill', '4532683561', '20', 'f'),
('733', '7129943898', 'Edgardo', 'esloank6@stumbleupon.com', 'TXMixx0UV', 'Sloan', '9099604618', '54', 'f'),
('734', '3047780329', 'Leopold', 'lfulcherk7@salon.com', '61oiro3BS', 'Fulcher', '6348753084', '29', 'f'),
('735', '9172409706', 'Filip', 'fkleinpeltzk8@pen.io', 'PVh5QTOvGM6F', 'Kleinpeltz', '6777267541', '8', 'f'),
('736', '0627366871', 'Catlaina', 'cridingk9@1688.com', '0KugTIPU6rCf', 'Riding', '2157794322', '3', 'f'),
('737', '2847366749', 'Ellery', 'ebroadburyka@wunderground.com', 'Agq1JZH3l', 'Broadbury', '9647207688', '10', 'f'),
('738', '1518953458', 'Emelita', 'ethurberkb@weibo.com', 'jQ7DT6OHAOHq', 'Thurber', '4622282888', '5', 'f'),
('739', '6178870563', 'Lauren', 'lvarvellkc@bloomberg.com', 'Bv1Cd9HKKd', 'Varvell', '7034878614', '44', 'f'),
('740', '5841926109', 'Hanson', 'hdursleykd@mit.edu', '1CloEIX4Eird', 'Dursley', '5263900700', '27', 'f'),
('741', '2501072338', 'Mair', 'mcowlamke@networkadvertising.org', 'RJgWEDpqE1A', 'Cowlam', '6228496709', '31', 'f'),
('742', '5796734467', 'Ranique', 'rwellingtonkf@google.cn', 'JX8CRqeXASj', 'Wellington', '2116424832', '16', 'f'),
('743', '8360266782', 'Durant', 'dhaytokg@ucoz.ru', 'lpzCpm1Jo', 'Hayto', '1872385353', '20', 'f'),
('744', '4618266291', 'Neville', 'nantonoyevkh@spotify.com', 'O7bH7b', 'Antonoyev', '5789568864', '28', 'f'),
('745', '6871712267', 'Jillian', 'jrizzoneki@irs.gov', '5uh7RR96A', 'Rizzone', '5268828570', '56', 'f'),
('746', '3751433048', 'Portie', 'psurgeonerkj@ed.gov', 'ol1BYVynp6', 'Surgeoner', '7897400038', '32', 'f'),
('747', '7077112554', 'Roseline', 'rsimesterkk@zdnet.com', 'kabKgual7tl', 'Simester', '1988520837', '34', 'f'),
('748', '5417949184', 'Stinky', 'skunklerkl@disqus.com', '6AYrTO', 'Kunkler', '4362683228', '24', 'f'),
('749', '7634190001', 'Prudy', 'ppattinsonkm@mashable.com', 'ReZ9SXpY', 'Pattinson', '8596480688', '29', 'f'),
('750', '2273964761', 'Magdalena', 'mgiraudokn@cdc.gov', 'iYF5cpt', 'Giraudo', '2441129246', '53', 'f'),
('751', '8591531713', 'Adrea', 'ascroggieko@theatlantic.com', 'YqRsss0p5', 'Scroggie', '8492770054', '27', 'f'),
('752', '0021657619', 'Margaretha', 'mhinerkp@scientificamerican.com', 'Fx8R00SWvEaW', 'Hiner', '3656200510', '50', 'f'),
('753', '8732456437', 'Karina', 'kcornelissekq@php.net', '67G7tind', 'Cornelisse', '2551767779', '22', 'f'),
('754', '5303496219', 'Sutherlan', 'socarrolkr@cyberchimps.com', 'RxIbhn', 'O''Carrol', '3825937412', '50', 'f'),
('755', '2005140595', 'Joaquin', 'jbonderks@lycos.com', 'AE2RCaqya', 'Bonder', '6254020269', '11', 'f'),
('756', '0880406328', 'Hinda', 'hbrockettkt@scientificamerican.com', 'u1O6cPn7', 'Brockett', '2028081512', '44', 'f'),
('757', '8026974886', 'Fayette', 'fjorgesenku@arizona.edu', 'g0nie99m', 'Jorgesen', '1042653417', '23', 'f'),
('758', '3653973497', 'Delbert', 'dwyrallkv@vimeo.com', '3Uih9jOxw4l', 'Wyrall', '1085170930', '20', 'f'),
('759', '0924383234', 'Ferris', 'fhuxsterkw@fda.gov', 'eDQzG392d7', 'Huxster', '4375451134', '9', 'f'),
('760', '3507046549', 'Glynda', 'gchurchleykx@thetimes.co.uk', 'caAo0W7I', 'Churchley', '3669582313', '58', 'f'),
('761', '9449038983', 'Marty', 'msinkingsky@blog.com', 'LTNOucVaj', 'Sinkings', '2648423912', '39', 'f'),
('762', '1787418388', 'Riane', 'rbuskekz@cafepress.com', 'dxOMH29vf', 'Buske', '8493692020', '46', 'f'),
('763', '6996714333', 'Beth', 'bmcwhinneyl0@theglobeandmail.com', '50rUPSXF4', 'Mcwhinney', '4238276135', '33', 'f'),
('764', '2465030324', 'Allissa', 'atebbitl1@hugedomains.com', 'eoCXNbmcdDAh', 'Tebbit', '7189152657', '36', 'f'),
('765', '5239545483', 'Evanne', 'ecattonnetl2@usgs.gov', 'GFWfU4p', 'Cattonnet', '9115090732', '11', 'f'),
('766', '2206048026', 'Shani', 'sreemanl3@last.fm', '58NibwbUx6', 'Reeman', '1205362462', '27', 'f'),
('767', '4606960572', 'Maisey', 'mforbearl4@ovh.net', 'ih8K1XMcol', 'Forbear', '4251029102', '47', 'f'),
('768', '6849019007', 'Cora', 'cconeybearel5@google.ca', 'sRwL8zfovkNm', 'Coneybeare', '9214080393', '31', 'f'),
('769', '2113251807', 'Lauralee', 'lreolfol6@yelp.com', '0ur5ImA', 'Reolfo', '1016789517', '39', 'f'),
('770', '5462861239', 'Gwenneth', 'gberdalel7@hostgator.com', '0xZHf41aLnI', 'Berdale', '4615966001', '49', 'f'),
('771', '8124285342', 'Pearce', 'pwraightel8@clickbank.net', 'uazozxJp', 'Wraighte', '3311923560', '53', 'f'),
('772', '8795324273', 'Paulina', 'pdanaherl9@alibaba.com', 'zdfTongi', 'Danaher', '8525995082', '53', 'f'),
('773', '8093935508', 'Mort', 'mwilsteadla@forbes.com', 'iKbMBw', 'Wilstead', '9689729226', '19', 'f'),
('774', '3434703816', 'Stacee', 'sdydelb@forbes.com', 'wjZjCn8Hi5A', 'Dyde', '8982810763', '57', 'f'),
('775', '8658235029', 'Melodee', 'mgatmanlc@gmpg.org', 'k0RzFlXVAQ', 'Gatman', '5726858225', '26', 'f'),
('776', '7824335812', 'L;urette', 'lrobbsld@barnesandnoble.com', 'a4lqA5', 'Robbs', '5035847181', '33', 'f'),
('777', '0914374578', 'Mose', 'marnaole@example.com', 'WZf6MFsAcDv', 'Arnao', '8782255513', '6', 'f'),
('778', '1346795197', 'Griselda', 'grabbittslf@sourceforge.net', 'AGKy8e', 'Rabbitts', '2334054494', '41', 'f'),
('779', '3824504588', 'Gisella', 'gclampettlg@auda.org.au', 'MOBbjm', 'Clampett', '9494305982', '7', 'f'),
('780', '8478586005', 'Melessa', 'mfoxcroftlh@sogou.com', 'izaSAF', 'Foxcroft', '9909784645', '31', 'f'),
('781', '1155710543', 'Nissie', 'ntreslerli@baidu.com', '3bzJljx', 'Tresler', '6346328217', '12', 'f'),
('782', '1289664976', 'Melisenda', 'mkarpfenlj@sohu.com', 'qjFykxGaKRX', 'Karpfen', '3984253444', '5', 'f'),
('783', '0304560602', 'Pedro', 'prigbylk@usatoday.com', 'J9cF2H', 'Rigby', '1105784050', '57', 'f'),
('784', '4330134053', 'Cassi', 'cansterll@homestead.com', 'xK17bdQQX9n', 'Anster', '1931694118', '6', 'f'),
('785', '8350713350', 'Hildagard', 'hmarislm@netscape.com', 'FWi0Kh', 'Maris', '6341379392', '5', 'f'),
('786', '4982483799', 'Tudor', 'tharteleyln@huffingtonpost.com', 'zeqI9zu8O', 'Harteley', '1105581572', '19', 'f'),
('787', '8865449290', 'Pascale', 'pbeckettlo@ed.gov', 'dXBOY2eQM5', 'Beckett', '6206602202', '33', 'f'),
('788', '4529654749', 'Kamillah', 'kbumpuslp@zimbio.com', '06MPqpy', 'Bumpus', '9538861647', '5', 'f'),
('789', '2237896508', 'Kahlil', 'kwestneylq@scribd.com', 'tCl7kNC', 'Westney', '6445236660', '53', 'f'),
('790', '8965097880', 'Gilbertina', 'gdugganlr@plala.or.jp', 'Eh3nWZrt5Y', 'Duggan', '5277860239', '13', 'f'),
('791', '8720352767', 'Nap', 'nstovellls@cdc.gov', '7m0NM2Tl', 'Stovell', '3494862204', '56', 'f'),
('792', '5577751115', 'Reine', 'rwhaymandlt@sohu.com', 'WIyMMO', 'Whaymand', '8202450388', '57', 'f'),
('793', '3882377283', 'Ruperta', 'rflowethlu@slashdot.org', '32wcNz37', 'Floweth', '4329951841', '47', 'f'),
('794', '8716780075', 'Romola', 'rdabornelv@prweb.com', 'LJq2T6ZAc1Hj', 'Daborne', '8084144297', '44', 'f'),
('795', '3923752947', 'Jessica', 'jshadboltlw@t-online.de', 'BH5BOOkzJ3', 'Shadbolt', '7253544101', '11', 'f'),
('796', '3060837232', 'Major', 'mbryninglx@feedburner.com', '4gx8nNNeO', 'Bryning', '9378155466', '30', 'f'),
('797', '9095529555', 'Raddie', 'rdibbely@alibaba.com', 'XNKbKHiadP', 'Dibbe', '2899963607', '41', 'f'),
('798', '7623259353', 'Sharlene', 'saizikovitzlz@apache.org', 'xB5G1aY', 'Aizikovitz', '4997654935', '28', 'f'),
('799', '5233379473', 'Purcell', 'pjuliffm0@xinhuanet.com', 'Qd5ozj', 'Juliff', '4907529446', '20', 'f'),
('800', '8187478074', 'Malanie', 'mlordenm1@jigsy.com', 'qIZ2r4l', 'Lorden', '4978704366', '37', 'f'),
('801', '3048586867', 'Adey', 'ajecksm2@cbsnews.com', 'BGryqlfqkcaI', 'Jecks', '5531032067', '6', 'f'),
('802', '9150195192', 'Wood', 'wdemkem3@a8.net', '5KaeXd1pBlT', 'Demke', '9342627117', '48', 'f'),
('803', '2718983574', 'Sarajane', 'srycroftm4@bing.com', 'ZsPTNcud4GR', 'Rycroft', '9111341629', '54', 'f'),
('804', '7893064490', 'Celle', 'cackroydm5@globo.com', 'cRFImLPX0T', 'Ackroyd', '9772986082', '42', 'f'),
('805', '8065672599', 'Josh', 'jvasyukovm6@hostgator.com', 'oASo7wq6Eda', 'Vasyukov', '1392120124', '27', 'f'),
('806', '0110839241', 'Anthia', 'ageffenm7@umn.edu', 'qKzlfz', 'Geffen', '5064334613', '25', 'f'),
('807', '4965439390', 'Cal', 'cletchmorem8@nasa.gov', 'scdErYL84', 'Letchmore', '2321590487', '59', 'f'),
('808', '7755057283', 'Lion', 'lluetchfordm9@utexas.edu', 'tKimkaObPJ1E', 'Luetchford', '9604602539', '39', 'f'),
('809', '3528083330', 'Winnah', 'wmaccallumma@eventbrite.com', 'i6WVfu8', 'MacCallum', '3037760366', '24', 'f'),
('810', '8340956618', 'Fanni', 'fmoscomb@narod.ru', '0F05jg', 'Mosco', '6902443228', '55', 'f'),
('811', '2437961762', 'Douglas', 'dstidsonmc@answers.com', 'PkLwJAFC', 'Stidson', '7559005121', '24', 'f'),
('812', '4254452296', 'Mychal', 'mdarguemd@seattletimes.com', 'tsrA2H8', 'Dargue', '9407048738', '25', 'f'),
('813', '9944177459', 'Dedra', 'dnijssenme@sogou.com', 'dlBd5XZh', 'Nijssen', '5384200759', '11', 'f'),
('814', '3385910961', 'Alina', 'apericomf@mail.ru', 'YBL5bR', 'Perico', '2342000837', '35', 'f'),
('815', '4041207036', 'Gilbertine', 'gcuddmg@ning.com', 'V4rRWno5H', 'Cudd', '6366755144', '54', 'f'),
('816', '9916052044', 'Yale', 'yjanakmh@mlb.com', 'ofISo022V5ZX', 'Janak', '9869275787', '24', 'f'),
('817', '6165685145', 'Allyn', 'atowheymi@nydailynews.com', '182PsneXAr', 'Towhey', '4347654882', '43', 'f'),
('818', '5239827920', 'Clair', 'cloundsmj@un.org', 'ZM8RfrPT', 'Lounds', '8367064263', '30', 'f'),
('819', '5969433340', 'Raimundo', 'rdeakanmk@wikipedia.org', 'qSbeFQ', 'Deakan', '3498452815', '49', 'f'),
('820', '4541028617', 'Falito', 'fbilbieml@cafepress.com', 'iJeUgQsoj2j', 'Bilbie', '6106771131', '5', 'f'),
('821', '8750235928', 'Locke', 'larkilmm@wix.com', 'adEI0LECZfx', 'Arkil', '4577621995', '19', 'f'),
('822', '3587791289', 'Abramo', 'amarshallmn@facebook.com', '0zlUVw2l', 'Marshall', '7691547905', '11', 'f'),
('823', '3234465114', 'Arnoldo', 'aurrymo@miitbeian.gov.cn', 'GDgenqCq8Z', 'Urry', '2608879116', '40', 'f'),
('824', '5790759592', 'Che', 'cgeraldinimp@purevolume.com', '6ZwqsdkjEJ', 'Geraldini', '7033941147', '57', 'f'),
('825', '0436809503', 'Klement', 'klissamanmq@purevolume.com', 'd5GRa0tyC', 'Lissaman', '7054632979', '49', 'f'),
('826', '5732599544', 'Tristan', 'tbenedettinimr@reverbnation.com', '0A5QzMdgtN', 'Benedettini', '1614166390', '48', 'f'),
('827', '4220953350', 'Mickie', 'mborthwickms@ezinearticles.com', '2MkFnk', 'Borthwick', '6034842435', '22', 'f'),
('828', '4823947866', 'Hammad', 'hgoddingmt@nba.com', '60oxiTrCb6e', 'Godding', '7502800487', '15', 'f'),
('829', '9360641212', 'Malorie', 'mbudcockmu@amazon.com', 'h1c2yzWiR0', 'Budcock', '2311698485', '34', 'f'),
('830', '9149933744', 'Orren', 'ovarnesmv@pcworld.com', 'BQgr76GIQ', 'Varnes', '2503452615', '54', 'f'),
('831', '5027159123', 'Gustavus', 'glinaymw@4shared.com', 'sWAlETKGFXs', 'Linay', '8986237810', '7', 'f'),
('832', '1263121516', 'Livvie', 'lstillertmx@china.com.cn', 'XXewVi', 'Stillert', '4398248544', '31', 'f'),
('833', '4461459135', 'Myrvyn', 'mbafordmy@bloomberg.com', 'WOfJNW', 'Baford', '9971482970', '47', 'f'),
('834', '3433801645', 'Janean', 'jbeverstockmz@lulu.com', 'l8FZOi6JRYCr', 'Beverstock', '3466923789', '18', 'f'),
('835', '4741241195', 'Darryl', 'dyelln0@goo.gl', 'OMcwhKXYP', 'Yell', '8398975840', '44', 'f'),
('836', '6892917393', 'Micheal', 'msteuartn1@printfriendly.com', 'FLdxlg', 'Steuart', '4073684637', '21', 'f'),
('837', '7904278244', 'Merline', 'mhegdonnen2@twitpic.com', 'YigkFNHhqnr', 'Hegdonne', '7821610115', '1', 'f'),
('838', '4540303904', 'Tamar', 'tkindelln3@ehow.com', 'Yv2peTZy6', 'Kindell', '2078621871', '35', 'f'),
('839', '5943093583', 'Pauli', 'pgrigorushkinn4@moonfruit.com', 'KitJt4Yqy', 'Grigorushkin', '7584041401', '7', 'f'),
('840', '0898432310', 'Norton', 'neighteenn5@xing.com', 'R0QxRypvW', 'Eighteen', '3977489748', '18', 'f'),
('841', '8874070233', 'Fabiano', 'fodriscolln6@house.gov', '9YMHGa0HpRR', 'O''Driscoll', '5582840727', '50', 'f'),
('842', '9836074297', 'Hilary', 'hgilardonin7@dropbox.com', 'wyRqPXAQZ', 'Gilardoni', '2985728164', '27', 'f'),
('843', '8734094344', 'Ernesta', 'ecomberbeachn8@feedburner.com', 'Ru3h1zZVAoNB', 'Comberbeach', '2739142516', '6', 'f'),
('844', '7259628697', 'Bevin', 'bhardingen9@hhs.gov', 'jP8bZh5GN', 'Hardinge', '7554596145', '59', 'f'),
('845', '9027296508', 'Cordie', 'cwermerlingna@un.org', 'kPDfzDVKhL', 'Wermerling', '8152030491', '15', 'f'),
('846', '3150317110', 'Carole', 'cmahaddynb@is.gd', 'EjaaPL11woI', 'Mahaddy', '3274846860', '4', 'f'),
('847', '1484061335', 'Averil', 'aandreznc@github.com', 'PcrwCWGNzd', 'Andrez', '8666612341', '11', 'f'),
('848', '4449913802', 'Ferris', 'fvasilechkond@163.com', 'vUm6dsb', 'Vasilechko', '6252646610', '31', 'f'),
('849', '7390511124', 'Curcio', 'cphilippsonne@columbia.edu', 'JEaAZo', 'Philippson', '9933729316', '9', 'f'),
('850', '9752475791', 'Sallee', 'sdomeniconf@yandex.ru', '43DgolZlHsbx', 'Domenico', '7327246160', '58', 'f'),
('851', '2841915063', 'Madeleine', 'mdukerng@ucoz.com', 'Mv0HjXSYk7', 'Duker', '4808596492', '2', 'f'),
('852', '5061486734', 'Jaquelin', 'jugolininh@guardian.co.uk', '6YZJNN5VE', 'Ugolini', '3516071613', '33', 'f'),
('853', '1174045508', 'Sallyann', 'spollakni@parallels.com', 'fuYJsC', 'Pollak', '5287038143', '25', 'f'),
('854', '8823683536', 'Jim', 'jfranceschinonj@intel.com', 'F8YB3w5', 'Franceschino', '8151101609', '54', 'f'),
('855', '3678346953', 'Maria', 'mtetthernk@google.co.uk', '11bwVW3iaU7', 'Tetther', '9634244206', '20', 'f'),
('856', '1033111564', 'Wilt', 'whuskissonnl@hao123.com', 'p1dahu', 'Huskisson', '1869876886', '5', 'f'),
('857', '6439490961', 'Marshall', 'mbrandonnm@deviantart.com', 'qKmlys7', 'Brandon', '9489867142', '50', 'f'),
('858', '2586042267', 'Davidde', 'dohagertynn@unesco.org', '87Ew81', 'O''Hagerty', '8457131421', '51', 'f'),
('859', '7541272773', 'Kalil', 'kfieldgateno@discuz.net', 'DXOmfN5okA9', 'Fieldgate', '8521138947', '52', 'f'),
('860', '2333971370', 'Clio', 'cweddeburnnp@bloglovin.com', 'W6fL1ae', 'Weddeburn', '9787413230', '55', 'f'),
('861', '1161544632', 'Kirby', 'klewsonnq@domainmarket.com', 'L2zhgTJ', 'Lewson', '4406795683', '4', 'f'),
('862', '1198804079', 'Neddy', 'ntetfordnr@woothemes.com', '5eQYdQkvg', 'Tetford', '4264245235', '46', 'f'),
('863', '4500928225', 'Tove', 'tallardycens@kickstarter.com', 'UjR7Hqy', 'Allardyce', '6477898376', '43', 'f'),
('864', '3653629946', 'Dennie', 'dborthnt@dagondesign.com', 'XAKW1HM', 'Borth', '3408396666', '28', 'f'),
('865', '6584390502', 'Carlen', 'cgettonenu@so-net.ne.jp', 'JD4N4IqdJ7', 'Gettone', '9628133199', '34', 'f'),
('866', '7172873905', 'Levy', 'lcoytenv@cam.ac.uk', 'GGJsvX5cY05g', 'Coyte', '9423813698', '6', 'f'),
('867', '9593686537', 'Christiane', 'ctogwellnw@state.gov', '3aEif1ghb', 'Togwell', '8753918431', '34', 'f'),
('868', '5673288326', 'Gilberte', 'gstaddomnx@surveymonkey.com', 'G3k2F5V', 'Staddom', '5466268477', '9', 'f'),
('869', '0477139930', 'Josefina', 'jgullny@who.int', 'fbGuLjGbHtsq', 'Gull', '2201107705', '14', 'f'),
('870', '6766039591', 'Whittaker', 'wpetrynz@theatlantic.com', 'tlSGouYzK', 'Petry', '6187044295', '52', 'f'),
('871', '8451664680', 'Brooks', 'bmuddimero0@amazonaws.com', 'NidbAd', 'Muddimer', '4674822463', '55', 'f'),
('872', '2790925034', 'Elvyn', 'emaystoneo1@ameblo.jp', 'X8wgQANsE', 'Maystone', '6324552708', '35', 'f'),
('873', '2787650469', 'Dotti', 'dsercombeo2@pinterest.com', 'AdiEqQQ90j', 'Sercombe', '8585489647', '35', 'f'),
('874', '4473073669', 'Salvidor', 'sdebneyo3@cmu.edu', 'j6r1KkGr', 'Debney', '2337717183', '1', 'f'),
('875', '5648430211', 'Sallyann', 'sbrasteado4@reuters.com', 'OGo6tSzTqR', 'Brastead', '8511042625', '53', 'f'),
('876', '7298128583', 'Sherye', 'squaifo5@wisc.edu', 'Zy39F8', 'Quaif', '9388709098', '19', 'f'),
('877', '5251417950', 'Benjamen', 'bpotkinso6@dyndns.org', 'ZggAdTAofOvq', 'Potkins', '6474376135', '16', 'f'),
('878', '8526754307', 'Shawna', 'skonertzo7@squidoo.com', 'GdtuqOoH7', 'Konertz', '3968570453', '36', 'f'),
('879', '2773333720', 'Adrienne', 'arendello8@jimdo.com', 'RytyhGpTln', 'Rendell', '1488885986', '42', 'f'),
('880', '0954090182', 'Corella', 'ckordovanio9@google.com', 'mIw1pDj0a', 'Kordovani', '5645433565', '15', 'f'),
('881', '0682825078', 'Ardine', 'abalsdonoa@cdc.gov', 'VSl8UQ6jc', 'Balsdon', '5606022792', '43', 'f'),
('882', '6372393649', 'Marcy', 'mfleischerob@unblog.fr', 'k3pGPUlHg', 'Fleischer', '9246359081', '27', 'f'),
('883', '0808803106', 'Willy', 'wwarboysoc@weebly.com', 'hQb6nwuPMs', 'Warboys', '1894901329', '18', 'f'),
('884', '2274836599', 'Matthiew', 'moheneryod@tuttocitta.it', '2Gv2ugM0udpJ', 'O''Henery', '9769455770', '12', 'f'),
('885', '9087519603', 'Melessa', 'mgaggenoe@cyberchimps.com', 'hnqVK4JK', 'Gaggen', '5797923112', '8', 'f'),
('886', '4753751061', 'Liliane', 'lmcquadeof@un.org', 'T4PvTa', 'McQuade', '6753085702', '4', 'f'),
('887', '3949783697', 'Sheela', 'smacgregorog@irs.gov', 'Z40658748', 'MacGregor', '5357345726', '14', 'f'),
('888', '3182740456', 'Fritz', 'fguerrieroh@edublogs.org', '2ts6FUyKaw', 'Guerrier', '1361452420', '14', 'f'),
('889', '2141634217', 'Philis', 'peddisfordoi@state.tx.us', '4HSZilT5ZAp', 'Eddisford', '1712754194', '24', 'f'),
('890', '6331443792', 'Mickey', 'mwilkinoj@cdc.gov', 'JTHYsmaU', 'Wilkin', '1131856617', '32', 'f'),
('891', '0840489546', 'Stanislaw', 'sflawnok@etsy.com', 'EMFfYGMUtn3c', 'Flawn', '5727572423', '21', 'f'),
('892', '6640312672', 'Holly', 'hearleyol@amazon.co.uk', 'fDj2w09piNLX', 'Earley', '9519206207', '20', 'f'),
('893', '0823602976', 'Donnamarie', 'dmurrieom@umn.edu', 'nw3tfnUF', 'Murrie', '2832441481', '8', 'f'),
('894', '5132662069', 'Alana', 'amcsorleyon@nih.gov', 'Qn6vNd', 'McSorley', '7507100571', '12', 'f'),
('895', '4089103342', 'Holly', 'hamayaoo@fema.gov', 'LWzxHb8', 'Amaya', '9624474837', '42', 'f'),
('896', '2096408428', 'Kim', 'kbowsteadop@surveymonkey.com', 'tcP4MPyKn98', 'Bowstead', '8683196371', '23', 'f'),
('897', '4064620665', 'Titos', 'thayleroq@opera.com', 'Ntx1Hzv', 'Hayler', '5062864578', '58', 'f'),
('898', '4488427949', 'Guthrie', 'gdanilovichor@google.pl', 'NqhaPTUl0', 'Danilovich', '5087342554', '48', 'f'),
('899', '8517698281', 'Nell', 'nphillcoxos@nature.com', 'y28zVETft6aB', 'Phillcox', '9976687743', '52', 'f'),
('900', '5520288154', 'Anstice', 'acracoeot@bloomberg.com', 'x03E5Bw', 'Cracoe', '2971220792', '14', 'f'),
('901', '9484082893', 'Ab', 'arossou@uol.com.br', 'JbM00B2k', 'Ross', '1746459920', '40', 'f'),
('902', '1462612735', 'Gavra', 'gwhitleyov@npr.org', '0n8lhEZfVSz3', 'Whitley', '4827414013', '27', 'f'),
('903', '8840282110', 'Clem', 'cphillcoxow@istockphoto.com', 'MSNQCn', 'Phillcox', '5541669940', '59', 'f'),
('904', '1789356209', 'Conn', 'cridderox@friendfeed.com', 'bBYtCQP', 'Ridder', '1518166376', '56', 'f'),
('905', '5081696714', 'Candida', 'ctattershalloy@soundcloud.com', 'wEPgmqv', 'Tattershall', '4778233017', '41', 'f'),
('906', '7827641698', 'Keefe', 'kbruntjeoz@vk.com', 'aC8gIcear9', 'Bruntje', '7009233411', '25', 'f'),
('907', '9843442180', 'Sonny', 'shalbeardp0@typepad.com', '0AYLKQD', 'Halbeard', '9615240763', '41', 'f'),
('908', '3572864945', 'Asia', 'awoodagep1@stumbleupon.com', 'z8eSiLcBv', 'Woodage', '2184727617', '17', 'f'),
('909', '1011571390', 'Cloe', 'cdearep2@vimeo.com', 'T4aDpRp9e', 'Deare', '4058430559', '60', 'f'),
('910', '4942089150', 'Daisi', 'dlottep3@cmu.edu', 'TkKE8QiY', 'Lotte', '1867932434', '3', 'f'),
('911', '1550490957', 'Milzie', 'marnizp4@admin.ch', 'qS9DlUpEZ', 'Arniz', '8109505407', '29', 'f'),
('912', '1724568188', 'Farrand', 'ffrounksp5@elegantthemes.com', 'sLJk5bZnPuq', 'Frounks', '9533076216', '27', 'f'),
('913', '1203361547', 'Willey', 'wjosowitzp6@youtu.be', 'bj7E5H', 'Josowitz', '4679452910', '31', 'f'),
('914', '8754477163', 'Sylas', 'sespaderop7@marketwatch.com', '7itBVwxIx0M', 'Espadero', '4716388603', '27', 'f'),
('915', '8693716157', 'Julissa', 'jabelsp8@gmpg.org', 'ivEKxqUQPxs', 'Abels', '1196099252', '6', 'f'),
('916', '1832869203', 'Darbie', 'dmacelhargep9@tamu.edu', 'rk2kJo5kwAJ', 'MacElharge', '6517434687', '26', 'f'),
('917', '6544271418', 'Iggie', 'iperottpa@about.com', 'zt63sQES01', 'Perott', '2816187175', '16', 'f'),
('918', '5320736881', 'Phineas', 'pwoodfordpb@wiley.com', 'dAbln37', 'Woodford', '7469494910', '25', 'f'),
('919', '6701784618', 'Lynsey', 'lcharettepc@histats.com', '82v7hqPpHV', 'Charette', '6873192320', '57', 'f'),
('920', '6066623576', 'Kathryn', 'kmatthessenpd@over-blog.com', 'Z6XqmaMg2Lk', 'Matthessen', '7155485744', '12', 'f'),
('921', '2743239137', 'Nick', 'nswinneype@netlog.com', 'vPigr2l', 'Swinney', '2347381480', '3', 'f'),
('922', '1889988760', 'Emmett', 'einskopf@nba.com', 'VBjmijb', 'Insko', '8654185760', '46', 'f'),
('923', '5647363642', 'Kaleb', 'kwoodsonpg@dailymail.co.uk', 'wybuqwq4VnO', 'Woodson', '2282358390', '54', 'f'),
('924', '0538262588', 'Sloane', 'sguillondph@nps.gov', 'WtNc9uT5s', 'Guillond', '6324784821', '32', 'f'),
('925', '8101999560', 'Dino', 'dstanneypi@alexa.com', '2GeiTsmAI', 'Stanney', '2801583998', '9', 'f'),
('926', '8390589779', 'Dennison', 'dwhitelypj@360.cn', '7jkU0EbpBi', 'Whitely', '9963746866', '45', 'f'),
('927', '1032355848', 'Monro', 'mmaureenpk@last.fm', 'ss8SJh8Zhlj', 'Maureen', '7204614502', '39', 'f'),
('928', '5629058189', 'Tadd', 'tcarpmilepl@cornell.edu', '3WoWiXf', 'Carpmile', '8452904154', '28', 'f'),
('929', '6890542004', 'Nels', 'nbartolaccipm@engadget.com', '0zrgqot84Lmv', 'Bartolacci', '4213146024', '21', 'f'),
('930', '7437025047', 'Ailbert', 'areganpn@jalbum.net', 'ViRLuBdetz', 'Regan', '9828748837', '8', 'f'),
('931', '1376399583', 'Vyky', 'vsearlespo@photobucket.com', 'Zz3DPT', 'Searles', '4013561964', '8', 'f'),
('932', '8765809588', 'Forrester', 'ftreslerpp@npr.org', 'DiWFhILdNE', 'Tresler', '3002424862', '41', 'f'),
('933', '7012847872', 'Abram', 'aoccleshawpq@oracle.com', 'EgXKdb9J', 'Occleshaw', '6713944068', '30', 'f'),
('934', '2368243790', 'Jonah', 'jtoffanopr@jugem.jp', '8EqJcyjUlgvR', 'Toffano', '9492221703', '17', 'f'),
('935', '8468508757', 'Jakie', 'jbartrumps@dmoz.org', 'RQVkQr8gwmcB', 'Bartrum', '6367255740', '11', 'f'),
('936', '4928410580', 'Mala', 'mrunseypt@businessinsider.com', 'Wb6kro8', 'Runsey', '1072449003', '25', 'f'),
('937', '1872326687', 'Moreen', 'mgarterypu@feedburner.com', 'dKwF7p5Tu', 'Gartery', '3185676385', '46', 'f'),
('938', '0537261256', 'Gladi', 'gsimonyipv@fda.gov', 'i5uTmgojokx', 'Simonyi', '1009938139', '35', 'f'),
('939', '0327182417', 'Lazar', 'lcasonepw@boston.com', 'EDSbemFkbA', 'Casone', '5047617968', '11', 'f'),
('940', '8118870568', 'Blake', 'braithpx@economist.com', 'WCmPdMcDk', 'Raith', '7364620720', '40', 'f'),
('941', '2810068522', 'Bradly', 'bsimkopy@is.gd', '0iMVs8ej', 'Simko', '9167752254', '16', 'f'),
('942', '1458766124', 'Elora', 'eradbandpz@cmu.edu', 'FnpSr3Vr4', 'Radband', '3628650186', '58', 'f'),
('943', '7907160880', 'Rebeca', 'ralleboneq0@bluehost.com', 'WHuNx9wvp', 'Allebone', '2267715741', '18', 'f'),
('944', '9147888342', 'Melly', 'mosmundq1@cornell.edu', 'hwqvtAt45', 'Osmund', '8965673049', '28', 'f'),
('945', '2455501306', 'Mike', 'mromayneq2@angelfire.com', 'UAHW0x00K3A', 'Romayne', '3533224825', '58', 'f'),
('946', '7422182927', 'Forrest', 'fsantryq3@hp.com', 'fS3fujajxZNx', 'Santry', '6143362398', '10', 'f'),
('947', '7190010722', 'Bentlee', 'bprimmerq4@fastcompany.com', 'uqnY3CSR', 'Primmer', '1081553699', '45', 'f'),
('948', '8794438552', 'Manolo', 'msprottq5@mapy.cz', 'MtxVkLIYl', 'Sprott', '6261733220', '48', 'f'),
('949', '6629457587', 'Aime', 'asouthwayq6@123-reg.co.uk', 'TKiFE739hAb', 'Southway', '6852854005', '32', 'f'),
('950', '8641791362', 'Jeffrey', 'jcarlyonq7@reference.com', 'XmaO27ArR', 'Carlyon', '9066894510', '19', 'f'),
('951', '3220564793', 'Giavani', 'ggoodwinq8@miitbeian.gov.cn', 'I084cmQH', 'Goodwin', '3158381124', '41', 'f'),
('952', '2039746638', 'Erhart', 'eagettq9@so-net.ne.jp', 'jMZoGCx5gqu2', 'Agett', '5162134071', '26', 'f'),
('953', '3657145067', 'Crichton', 'cbolderstoneqa@indiatimes.com', 'XEnj6FxPxTA', 'Bolderstone', '2208031959', '17', 'f'),
('954', '6117293209', 'Bethany', 'bhablotqb@cisco.com', 'GhTAtb1W', 'Hablot', '4868746081', '47', 'f'),
('955', '0802264928', 'Adelheid', 'akillbeyqc@sitemeter.com', 'Eohs5D', 'Killbey', '6646570543', '36', 'f'),
('956', '8245713096', 'Michael', 'mmorralleeqd@reverbnation.com', 'ARBuVvg', 'Morrallee', '8347769598', '9', 'f'),
('957', '8976510211', 'Cyndi', 'ckinforthqe@acquirethisname.com', 'UJTBEjsh', 'Kinforth', '9985318988', '49', 'f'),
('958', '9059740572', 'Trumaine', 'tdurbynqf@tiny.cc', 'yDAZuqa7ZWhh', 'Durbyn', '6507291967', '40', 'f'),
('959', '7459264440', 'Johny', 'jpettengellqg@nasa.gov', 'On3iCu', 'Pettengell', '5891742697', '38', 'f'),
('960', '4435656429', 'Anabelle', 'anazaretqh@istockphoto.com', 'izfyKPId', 'Nazaret', '1314836758', '2', 'f'),
('961', '3911459435', 'Kendal', 'kmanachqi@eepurl.com', 'A2kwk23pjBIB', 'Manach', '1593440874', '34', 'f'),
('962', '8314813138', 'Lethia', 'lstansellqj@tripadvisor.com', 'pLc5llkaol', 'Stansell', '1745349839', '6', 'f'),
('963', '6533766038', 'Rice', 'rgreensetqk@salon.com', 'UgyY1hpM40RN', 'Greenset', '5486493938', '32', 'f'),
('964', '8467351473', 'Willette', 'wfriskeyql@kickstarter.com', 'Ma8QoNiuY', 'Friskey', '5909551678', '14', 'f'),
('965', '7054846815', 'Uta', 'urenneqm@whitehouse.gov', 'GY70qZYNNAQ6', 'Renne', '1705188549', '30', 'f'),
('966', '3626780508', 'Byron', 'bcurnessqn@hostgator.com', 'jC4Yaz', 'Curness', '4213764058', '58', 'f'),
('967', '2477499280', 'Gabi', 'gmcconnelqo@vk.com', 'OoexSB2tZM', 'McConnel', '2628626011', '13', 'f'),
('968', '9888358587', 'Jozef', 'jstreetfieldqp@chron.com', 'TDUbrEA', 'Streetfield', '2152226390', '30', 'f'),
('969', '7495012262', 'Derwin', 'dhaddestonqq@elegantthemes.com', 'O5DJvBN6c', 'Haddeston', '6744503507', '58', 'f'),
('970', '6688214763', 'Brena', 'bhambyqr@illinois.edu', 'zg6pw4sZ', 'Hamby', '8101172966', '56', 'f'),
('971', '9208707389', 'Leisha', 'lkliementqs@newyorker.com', '8VtYpWQ', 'Kliement', '9231739897', '48', 'f'),
('972', '1411000857', 'Merle', 'mcluttonqt@slashdot.org', 'IdtLwygHR0du', 'Clutton', '8086677272', '12', 'f'),
('973', '9226337135', 'Dari', 'dbriskeyqu@squidoo.com', 'VW6RG42SuibG', 'Briskey', '7038180444', '57', 'f'),
('974', '1836837999', 'Rosalynd', 'rgherardelliqv@com.com', 'h9isPJJ2g0V', 'Gherardelli', '3483140321', '51', 'f'),
('975', '6439211070', 'Tuck', 'tgermonqw@google.ca', 'Fi3Z9g2FUHC', 'Germon', '7382410362', '20', 'f'),
('976', '1488161808', 'Ayn', 'aditchburnqx@engadget.com', '74cyej6HQcLF', 'Ditchburn', '7105276042', '20', 'f'),
('977', '0915008105', 'Clarette', 'ckaiserqy@nytimes.com', 'cZ3fzcgu', 'Kaiser', '9708916653', '9', 'f'),
('978', '9485732431', 'Bernadine', 'brokeqz@goo.ne.jp', 'FTQkNabtj', 'Roke', '5065462684', '60', 'f'),
('979', '5346833397', 'Judah', 'jfoxwellr0@squidoo.com', 'h21Is7nQIGL', 'Foxwell', '3312787841', '28', 'f'),
('980', '7497026467', 'Jemie', 'jraymanr1@clickbank.net', 'xUKXIPg', 'Rayman', '7066308794', '22', 'f'),
('981', '7451203873', 'Alfie', 'abichardr2@people.com.cn', 'MHEzBT', 'Bichard', '2979187585', '45', 'f'),
('982', '9779106861', 'Raynor', 'rkamienr3@sohu.com', 'tV3KqB7ui', 'Kamien', '9245490613', '25', 'f'),
('983', '8743802346', 'Hilliard', 'habadr4@slashdot.org', 'eaUoZLWWvhg', 'Abad', '9909899231', '44', 'f'),
('984', '5050441993', 'Horace', 'hsawleyr5@archive.org', 'CJJzK7D2BM', 'Sawley', '4594135309', '55', 'f'),
('985', '5195989475', 'Read', 'rclinganr6@nationalgeographic.com', 'kpwCsu', 'Clingan', '9458715915', '55', 'f'),
('986', '3171158596', 'Rodolphe', 'rcawsonr7@fotki.com', 'HPGJ9HX', 'Cawson', '1685444526', '6', 'f'),
('987', '0584932961', 'Hewe', 'hbartheletr8@spiegel.de', 'cv0KiGQU', 'Barthelet', '3974763829', '1', 'f'),
('988', '7442514736', 'Birdie', 'bharbisonr9@cyberchimps.com', '5dkq3wXgpvV', 'Harbison', '7836785335', '34', 'f'),
('989', '2816198523', 'Walt', 'wboddyra@cornell.edu', 'MVrpv19', 'Boddy', '7966571567', '47', 'f'),
('990', '2814377169', 'Tonia', 'talmanrb@pinterest.com', 'rEbAfhB4v', 'Alman', '2439216478', '47', 'f'),
('991', '6715143542', 'Matelda', 'mrubinskyrc@nymag.com', 'YGMXD4VJT', 'Rubinsky', '5138568737', '16', 'f'),
('992', '8485838870', 'Berna', 'byongrd@spotify.com', 'xSreRpRe', 'Yong', '6041710830', '18', 'f'),
('993', '8192789481', 'Kristan', 'kpapenre@microsoft.com', 'cuF5rET6eG', 'Papen', '3446930728', '23', 'f'),
('994', '4906668192', 'Janos', 'jbrickrf@elpais.com', 'ajVpRODn', 'Brick', '7088508319', '23', 'f'),
('995', '7963168278', 'Odie', 'odonrg@nhs.uk', 'GUsWN3kp1', 'Don', '4789437817', '35', 'f'),
('996', '4524799071', 'Noelani', 'nfantonrh@printfriendly.com', 'KdwS8XpxeT1', 'Fanton', '6718426218', '23', 'f'),
('997', '7356662472', 'Karrah', 'kgianottiri@liveinternet.ru', '5xLCyQNNLP1', 'Gianotti', '9768618281', '58', 'f'),
('998', '1660461910', 'Quinlan', 'qaddenbrookerj@indiatimes.com', 'wQzZuSk', 'Addenbrooke', '6822918750', '52', 'f'),
('999', '5471318987', 'Esta', 'emckellerrk@irs.gov', '7wvadhBlHq', 'McKeller', '4107073843', '25', 'f'),
('1000', '4220156502', 'Kristos', 'kgallatlyrl@shop-pro.jp', 'ZopZugogXCF', 'Gallatly', '4123180598', '18', 'f'),
('1001', '3576190275', 'Keefer', 'klaightrm@wordpress.com', 'GFJJT1npnB7', 'Laight', '8271011607', '47', 'f'),
('1002', '6839777773', 'Ignaz', 'igoodyerrn@issuu.com', 'yZ9pmC', 'Goodyer', '4042542403', '48', 'f'),
('1003', '9517597645', 'Ashbey', 'aalvarezro@arstechnica.com', 'egJHdpJDhdQg', 'Alvarez', '1142516084', '26', 'f'),
('1004', '0108060732', 'Celesta', 'cmucklerp@reuters.com', 'ChXv9S4qy', 'Muckle', '7761919900', '28', 'f'),
('1005', '4692657270', 'Myrtia', 'mchalkerq@ning.com', 'usxFNa4D05X', 'Chalke', '4407216714', '4', 'f');

INSERT INTO "public"."users" ("id", "rut", "first_name", "email", "password", "last_name", "phone", "age", "deleted") VALUES
('1006', '4732749525', 'Emmaline', 'ekhalidrr@example.com', 'ZHPtC5slwU', 'Khalid', '2984010671', '56', 'f');

INSERT INTO "public"."volunteers" ("id", "id_user", "deleted") VALUES
('7', '6', 'f'),
('8', '7', 'f'),
('9', '8', 'f'),
('10', '9', 'f'),
('11', '10', 'f'),
('12', '11', 'f'),
('13', '12', 'f'),
('14', '13', 'f'),
('15', '14', 'f'),
('16', '15', 'f'),
('17', '16', 'f'),
('18', '17', 'f'),
('19', '18', 'f'),
('20', '19', 'f'),
('21', '20', 'f'),
('22', '21', 'f'),
('23', '22', 'f'),
('24', '23', 'f'),
('25', '24', 'f'),
('26', '25', 'f'),
('27', '26', 'f'),
('28', '27', 'f'),
('29', '28', 'f'),
('30', '29', 'f'),
('31', '30', 'f'),
('32', '31', 'f'),
('33', '32', 'f'),
('34', '33', 'f'),
('35', '34', 'f'),
('36', '35', 'f'),
('37', '36', 'f'),
('38', '37', 'f'),
('39', '38', 'f'),
('40', '39', 'f'),
('41', '40', 'f'),
('42', '41', 'f'),
('43', '42', 'f'),
('44', '43', 'f'),
('45', '44', 'f'),
('46', '45', 'f'),
('47', '46', 'f'),
('48', '47', 'f'),
('49', '48', 'f'),
('50', '49', 'f'),
('51', '50', 'f'),
('52', '51', 'f'),
('53', '52', 'f'),
('54', '53', 'f'),
('55', '54', 'f'),
('56', '55', 'f'),
('57', '56', 'f'),
('58', '57', 'f'),
('59', '58', 'f'),
('60', '59', 'f'),
('61', '60', 'f'),
('62', '61', 'f'),
('63', '62', 'f'),
('64', '63', 'f'),
('65', '64', 'f'),
('66', '65', 'f'),
('67', '66', 'f'),
('68', '67', 'f'),
('69', '68', 'f'),
('70', '69', 'f'),
('71', '70', 'f'),
('72', '71', 'f'),
('73', '72', 'f'),
('74', '73', 'f'),
('75', '74', 'f'),
('76', '75', 'f'),
('77', '76', 'f'),
('78', '77', 'f'),
('79', '78', 'f'),
('80', '79', 'f'),
('81', '80', 'f'),
('82', '81', 'f'),
('83', '82', 'f'),
('84', '83', 'f'),
('85', '84', 'f'),
('86', '85', 'f'),
('87', '86', 'f'),
('88', '87', 'f'),
('89', '88', 'f'),
('90', '89', 'f'),
('91', '90', 'f'),
('92', '91', 'f'),
('93', '92', 'f'),
('94', '93', 'f'),
('95', '94', 'f'),
('96', '95', 'f'),
('97', '96', 'f'),
('98', '97', 'f'),
('99', '98', 'f'),
('100', '99', 'f'),
('101', '100', 'f'),
('102', '101', 'f'),
('103', '102', 'f'),
('104', '103', 'f'),
('105', '104', 'f'),
('106', '105', 'f'),
('107', '106', 'f'),
('108', '107', 'f'),
('109', '108', 'f'),
('110', '109', 'f'),
('111', '110', 'f'),
('112', '111', 'f'),
('113', '112', 'f'),
('114', '113', 'f'),
('115', '114', 'f'),
('116', '115', 'f'),
('117', '116', 'f'),
('118', '117', 'f'),
('119', '118', 'f'),
('120', '119', 'f'),
('121', '120', 'f'),
('122', '121', 'f'),
('123', '122', 'f'),
('124', '123', 'f'),
('125', '124', 'f'),
('126', '125', 'f'),
('127', '126', 'f'),
('128', '127', 'f'),
('129', '128', 'f'),
('130', '129', 'f'),
('131', '130', 'f'),
('132', '131', 'f'),
('133', '132', 'f'),
('134', '133', 'f'),
('135', '134', 'f'),
('136', '135', 'f'),
('137', '136', 'f'),
('138', '137', 'f'),
('139', '138', 'f'),
('140', '139', 'f'),
('141', '140', 'f'),
('142', '141', 'f'),
('143', '142', 'f'),
('144', '143', 'f'),
('145', '144', 'f'),
('146', '145', 'f'),
('147', '146', 'f'),
('148', '147', 'f'),
('149', '148', 'f'),
('150', '149', 'f'),
('151', '150', 'f'),
('152', '151', 'f'),
('153', '152', 'f'),
('154', '153', 'f'),
('155', '154', 'f'),
('156', '155', 'f'),
('157', '156', 'f'),
('158', '157', 'f'),
('159', '158', 'f'),
('160', '159', 'f'),
('161', '160', 'f'),
('162', '161', 'f'),
('163', '162', 'f'),
('164', '163', 'f'),
('165', '164', 'f'),
('166', '165', 'f'),
('167', '166', 'f'),
('168', '167', 'f'),
('169', '168', 'f'),
('170', '169', 'f'),
('171', '170', 'f'),
('172', '171', 'f'),
('173', '172', 'f'),
('174', '173', 'f'),
('175', '174', 'f'),
('176', '175', 'f'),
('177', '176', 'f'),
('178', '177', 'f'),
('179', '178', 'f'),
('180', '179', 'f'),
('181', '180', 'f'),
('182', '181', 'f'),
('183', '182', 'f'),
('184', '183', 'f'),
('185', '184', 'f'),
('186', '185', 'f'),
('187', '186', 'f'),
('188', '187', 'f'),
('189', '188', 'f'),
('190', '189', 'f'),
('191', '190', 'f'),
('192', '191', 'f'),
('193', '192', 'f'),
('194', '193', 'f'),
('195', '194', 'f'),
('196', '195', 'f'),
('197', '196', 'f'),
('198', '197', 'f'),
('199', '198', 'f'),
('200', '199', 'f'),
('201', '200', 'f'),
('202', '201', 'f'),
('203', '202', 'f'),
('204', '203', 'f'),
('205', '204', 'f'),
('206', '205', 'f'),
('207', '206', 'f'),
('208', '207', 'f'),
('209', '208', 'f'),
('210', '209', 'f'),
('211', '210', 'f'),
('212', '211', 'f'),
('213', '212', 'f'),
('214', '213', 'f'),
('215', '214', 'f'),
('216', '215', 'f'),
('217', '216', 'f'),
('218', '217', 'f'),
('219', '218', 'f'),
('220', '219', 'f'),
('221', '220', 'f'),
('222', '221', 'f'),
('223', '222', 'f'),
('224', '223', 'f'),
('225', '224', 'f'),
('226', '225', 'f'),
('227', '226', 'f'),
('228', '227', 'f'),
('229', '228', 'f'),
('230', '229', 'f'),
('231', '230', 'f'),
('232', '231', 'f'),
('233', '232', 'f'),
('234', '233', 'f'),
('235', '234', 'f'),
('236', '235', 'f'),
('237', '236', 'f'),
('238', '237', 'f'),
('239', '238', 'f'),
('240', '239', 'f'),
('241', '240', 'f'),
('242', '241', 'f'),
('243', '242', 'f'),
('244', '243', 'f'),
('245', '244', 'f'),
('246', '245', 'f'),
('247', '246', 'f'),
('248', '247', 'f'),
('249', '248', 'f'),
('250', '249', 'f'),
('251', '250', 'f'),
('252', '251', 'f'),
('253', '252', 'f'),
('254', '253', 'f'),
('255', '254', 'f'),
('256', '255', 'f'),
('257', '256', 'f'),
('258', '257', 'f'),
('259', '258', 'f'),
('260', '259', 'f'),
('261', '260', 'f'),
('262', '261', 'f'),
('263', '262', 'f'),
('264', '263', 'f'),
('265', '264', 'f'),
('266', '265', 'f'),
('267', '266', 'f'),
('268', '267', 'f'),
('269', '268', 'f'),
('270', '269', 'f'),
('271', '270', 'f'),
('272', '271', 'f'),
('273', '272', 'f'),
('274', '273', 'f'),
('275', '274', 'f'),
('276', '275', 'f'),
('277', '276', 'f'),
('278', '277', 'f'),
('279', '278', 'f'),
('280', '279', 'f'),
('281', '280', 'f'),
('282', '281', 'f'),
('283', '282', 'f'),
('284', '283', 'f'),
('285', '284', 'f'),
('286', '285', 'f'),
('287', '286', 'f'),
('288', '287', 'f'),
('289', '288', 'f'),
('290', '289', 'f'),
('291', '290', 'f'),
('292', '291', 'f'),
('293', '292', 'f'),
('294', '293', 'f'),
('295', '294', 'f'),
('296', '295', 'f'),
('297', '296', 'f'),
('298', '297', 'f'),
('299', '298', 'f'),
('300', '299', 'f'),
('301', '300', 'f'),
('302', '301', 'f'),
('303', '302', 'f'),
('304', '303', 'f'),
('305', '304', 'f'),
('306', '305', 'f'),
('307', '306', 'f'),
('308', '307', 'f'),
('309', '308', 'f'),
('310', '309', 'f'),
('311', '310', 'f'),
('312', '311', 'f'),
('313', '312', 'f'),
('314', '313', 'f'),
('315', '314', 'f'),
('316', '315', 'f'),
('317', '316', 'f'),
('318', '317', 'f'),
('319', '318', 'f'),
('320', '319', 'f'),
('321', '320', 'f'),
('322', '321', 'f'),
('323', '322', 'f'),
('324', '323', 'f'),
('325', '324', 'f'),
('326', '325', 'f'),
('327', '326', 'f'),
('328', '327', 'f'),
('329', '328', 'f'),
('330', '329', 'f'),
('331', '330', 'f'),
('332', '331', 'f'),
('333', '332', 'f'),
('334', '333', 'f'),
('335', '334', 'f'),
('336', '335', 'f'),
('337', '336', 'f'),
('338', '337', 'f'),
('339', '338', 'f'),
('340', '339', 'f'),
('341', '340', 'f'),
('342', '341', 'f'),
('343', '342', 'f'),
('344', '343', 'f'),
('345', '344', 'f'),
('346', '345', 'f'),
('347', '346', 'f'),
('348', '347', 'f'),
('349', '348', 'f'),
('350', '349', 'f'),
('351', '350', 'f'),
('352', '351', 'f'),
('353', '352', 'f'),
('354', '353', 'f'),
('355', '354', 'f'),
('356', '355', 'f'),
('357', '356', 'f'),
('358', '357', 'f'),
('359', '358', 'f'),
('360', '359', 'f'),
('361', '360', 'f'),
('362', '361', 'f'),
('363', '362', 'f'),
('364', '363', 'f'),
('365', '364', 'f'),
('366', '365', 'f'),
('367', '366', 'f'),
('368', '367', 'f'),
('369', '368', 'f'),
('370', '369', 'f'),
('371', '370', 'f'),
('372', '371', 'f'),
('373', '372', 'f'),
('374', '373', 'f'),
('375', '374', 'f'),
('376', '375', 'f'),
('377', '376', 'f'),
('378', '377', 'f'),
('379', '378', 'f'),
('380', '379', 'f'),
('381', '380', 'f'),
('382', '381', 'f'),
('383', '382', 'f'),
('384', '383', 'f'),
('385', '384', 'f'),
('386', '385', 'f'),
('387', '386', 'f'),
('388', '387', 'f'),
('389', '388', 'f'),
('390', '389', 'f'),
('391', '390', 'f'),
('392', '391', 'f'),
('393', '392', 'f'),
('394', '393', 'f'),
('395', '394', 'f'),
('396', '395', 'f'),
('397', '396', 'f'),
('398', '397', 'f'),
('399', '398', 'f'),
('400', '399', 'f'),
('401', '400', 'f'),
('402', '401', 'f'),
('403', '402', 'f'),
('404', '403', 'f'),
('405', '404', 'f'),
('406', '405', 'f'),
('407', '406', 'f'),
('408', '407', 'f'),
('409', '408', 'f'),
('410', '409', 'f'),
('411', '410', 'f'),
('412', '411', 'f'),
('413', '412', 'f'),
('414', '413', 'f'),
('415', '414', 'f'),
('416', '415', 'f'),
('417', '416', 'f'),
('418', '417', 'f'),
('419', '418', 'f'),
('420', '419', 'f'),
('421', '420', 'f'),
('422', '421', 'f'),
('423', '422', 'f'),
('424', '423', 'f'),
('425', '424', 'f'),
('426', '425', 'f'),
('427', '426', 'f'),
('428', '427', 'f'),
('429', '428', 'f'),
('430', '429', 'f'),
('431', '430', 'f'),
('432', '431', 'f'),
('433', '432', 'f'),
('434', '433', 'f'),
('435', '434', 'f'),
('436', '435', 'f'),
('437', '436', 'f'),
('438', '437', 'f'),
('439', '438', 'f'),
('440', '439', 'f'),
('441', '440', 'f'),
('442', '441', 'f'),
('443', '442', 'f'),
('444', '443', 'f'),
('445', '444', 'f'),
('446', '445', 'f'),
('447', '446', 'f'),
('448', '447', 'f'),
('449', '448', 'f'),
('450', '449', 'f'),
('451', '450', 'f'),
('452', '451', 'f'),
('453', '452', 'f'),
('454', '453', 'f'),
('455', '454', 'f'),
('456', '455', 'f'),
('457', '456', 'f'),
('458', '457', 'f'),
('459', '458', 'f'),
('460', '459', 'f'),
('461', '460', 'f'),
('462', '461', 'f'),
('463', '462', 'f'),
('464', '463', 'f'),
('465', '464', 'f'),
('466', '465', 'f'),
('467', '466', 'f'),
('468', '467', 'f'),
('469', '468', 'f'),
('470', '469', 'f'),
('471', '470', 'f'),
('472', '471', 'f'),
('473', '472', 'f'),
('474', '473', 'f'),
('475', '474', 'f'),
('476', '475', 'f'),
('477', '476', 'f'),
('478', '477', 'f'),
('479', '478', 'f'),
('480', '479', 'f'),
('481', '480', 'f'),
('482', '481', 'f'),
('483', '482', 'f'),
('484', '483', 'f'),
('485', '484', 'f'),
('486', '485', 'f'),
('487', '486', 'f'),
('488', '487', 'f'),
('489', '488', 'f'),
('490', '489', 'f'),
('491', '490', 'f'),
('492', '491', 'f'),
('493', '492', 'f'),
('494', '493', 'f'),
('495', '494', 'f'),
('496', '495', 'f'),
('497', '496', 'f'),
('498', '497', 'f'),
('499', '498', 'f'),
('500', '499', 'f'),
('501', '500', 'f'),
('502', '501', 'f'),
('503', '502', 'f'),
('504', '503', 'f'),
('505', '504', 'f'),
('506', '505', 'f');

INSERT INTO "public"."volunteers" ("id", "id_user", "deleted") VALUES
('507', '506', 'f'),
('508', '507', 'f'),
('509', '508', 'f'),
('510', '509', 'f'),
('511', '510', 'f'),
('512', '511', 'f'),
('513', '512', 'f'),
('514', '513', 'f'),
('515', '514', 'f'),
('516', '515', 'f'),
('517', '516', 'f'),
('518', '517', 'f'),
('519', '518', 'f'),
('520', '519', 'f'),
('521', '520', 'f'),
('522', '521', 'f'),
('523', '522', 'f'),
('524', '523', 'f'),
('525', '524', 'f'),
('526', '525', 'f'),
('527', '526', 'f'),
('528', '527', 'f'),
('529', '528', 'f'),
('530', '529', 'f'),
('531', '530', 'f'),
('532', '531', 'f'),
('533', '532', 'f'),
('534', '533', 'f'),
('535', '534', 'f'),
('536', '535', 'f'),
('537', '536', 'f'),
('538', '537', 'f'),
('539', '538', 'f'),
('540', '539', 'f'),
('541', '540', 'f'),
('542', '541', 'f'),
('543', '542', 'f'),
('544', '543', 'f'),
('545', '544', 'f'),
('546', '545', 'f'),
('547', '546', 'f'),
('548', '547', 'f'),
('549', '548', 'f'),
('550', '549', 'f'),
('551', '550', 'f'),
('552', '551', 'f'),
('553', '552', 'f'),
('554', '553', 'f'),
('555', '554', 'f'),
('556', '555', 'f'),
('557', '556', 'f'),
('558', '557', 'f'),
('559', '558', 'f'),
('560', '559', 'f'),
('561', '560', 'f'),
('562', '561', 'f'),
('563', '562', 'f'),
('564', '563', 'f'),
('565', '564', 'f'),
('566', '565', 'f'),
('567', '566', 'f'),
('568', '567', 'f'),
('569', '568', 'f'),
('570', '569', 'f'),
('571', '570', 'f'),
('572', '571', 'f'),
('573', '572', 'f'),
('574', '573', 'f'),
('575', '574', 'f'),
('576', '575', 'f'),
('577', '576', 'f'),
('578', '577', 'f'),
('579', '578', 'f'),
('580', '579', 'f'),
('581', '580', 'f'),
('582', '581', 'f'),
('583', '582', 'f'),
('584', '583', 'f'),
('585', '584', 'f'),
('586', '585', 'f'),
('587', '586', 'f'),
('588', '587', 'f'),
('589', '588', 'f'),
('590', '589', 'f'),
('591', '590', 'f'),
('592', '591', 'f'),
('593', '592', 'f'),
('594', '593', 'f'),
('595', '594', 'f'),
('596', '595', 'f'),
('597', '596', 'f'),
('598', '597', 'f'),
('599', '598', 'f'),
('600', '599', 'f'),
('601', '600', 'f'),
('602', '601', 'f'),
('603', '602', 'f'),
('604', '603', 'f'),
('605', '604', 'f'),
('606', '605', 'f'),
('607', '606', 'f'),
('608', '607', 'f'),
('609', '608', 'f'),
('610', '609', 'f'),
('611', '610', 'f'),
('612', '611', 'f'),
('613', '612', 'f'),
('614', '613', 'f'),
('615', '614', 'f'),
('616', '615', 'f'),
('617', '616', 'f'),
('618', '617', 'f'),
('619', '618', 'f'),
('620', '619', 'f'),
('621', '620', 'f'),
('622', '621', 'f'),
('623', '622', 'f'),
('624', '623', 'f'),
('625', '624', 'f'),
('626', '625', 'f'),
('627', '626', 'f'),
('628', '627', 'f'),
('629', '628', 'f'),
('630', '629', 'f'),
('631', '630', 'f'),
('632', '631', 'f'),
('633', '632', 'f'),
('634', '633', 'f'),
('635', '634', 'f'),
('636', '635', 'f'),
('637', '636', 'f'),
('638', '637', 'f'),
('639', '638', 'f'),
('640', '639', 'f'),
('641', '640', 'f'),
('642', '641', 'f'),
('643', '642', 'f'),
('644', '643', 'f'),
('645', '644', 'f'),
('646', '645', 'f'),
('647', '646', 'f'),
('648', '647', 'f'),
('649', '648', 'f'),
('650', '649', 'f'),
('651', '650', 'f'),
('652', '651', 'f'),
('653', '652', 'f'),
('654', '653', 'f'),
('655', '654', 'f'),
('656', '655', 'f'),
('657', '656', 'f'),
('658', '657', 'f'),
('659', '658', 'f'),
('660', '659', 'f'),
('661', '660', 'f'),
('662', '661', 'f'),
('663', '662', 'f'),
('664', '663', 'f'),
('665', '664', 'f'),
('666', '665', 'f'),
('667', '666', 'f'),
('668', '667', 'f'),
('669', '668', 'f'),
('670', '669', 'f'),
('671', '670', 'f'),
('672', '671', 'f'),
('673', '672', 'f'),
('674', '673', 'f'),
('675', '674', 'f'),
('676', '675', 'f'),
('677', '676', 'f'),
('678', '677', 'f'),
('679', '678', 'f'),
('680', '679', 'f'),
('681', '680', 'f'),
('682', '681', 'f'),
('683', '682', 'f'),
('684', '683', 'f'),
('685', '684', 'f'),
('686', '685', 'f'),
('687', '686', 'f'),
('688', '687', 'f'),
('689', '688', 'f'),
('690', '689', 'f'),
('691', '690', 'f'),
('692', '691', 'f'),
('693', '692', 'f'),
('694', '693', 'f'),
('695', '694', 'f'),
('696', '695', 'f'),
('697', '696', 'f'),
('698', '697', 'f'),
('699', '698', 'f'),
('700', '699', 'f'),
('701', '700', 'f'),
('702', '701', 'f'),
('703', '702', 'f'),
('704', '703', 'f'),
('705', '704', 'f'),
('706', '705', 'f'),
('707', '706', 'f'),
('708', '707', 'f'),
('709', '708', 'f'),
('710', '709', 'f'),
('711', '710', 'f'),
('712', '711', 'f'),
('713', '712', 'f'),
('714', '713', 'f'),
('715', '714', 'f'),
('716', '715', 'f'),
('717', '716', 'f'),
('718', '717', 'f'),
('719', '718', 'f'),
('720', '719', 'f'),
('721', '720', 'f'),
('722', '721', 'f'),
('723', '722', 'f'),
('724', '723', 'f'),
('725', '724', 'f'),
('726', '725', 'f'),
('727', '726', 'f'),
('728', '727', 'f'),
('729', '728', 'f'),
('730', '729', 'f'),
('731', '730', 'f'),
('732', '731', 'f'),
('733', '732', 'f'),
('734', '733', 'f'),
('735', '734', 'f'),
('736', '735', 'f'),
('737', '736', 'f'),
('738', '737', 'f'),
('739', '738', 'f'),
('740', '739', 'f'),
('741', '740', 'f'),
('742', '741', 'f'),
('743', '742', 'f'),
('744', '743', 'f'),
('745', '744', 'f'),
('746', '745', 'f'),
('747', '746', 'f'),
('748', '747', 'f'),
('749', '748', 'f'),
('750', '749', 'f'),
('751', '750', 'f'),
('752', '751', 'f'),
('753', '752', 'f'),
('754', '753', 'f'),
('755', '754', 'f'),
('756', '755', 'f'),
('757', '756', 'f'),
('758', '757', 'f'),
('759', '758', 'f'),
('760', '759', 'f'),
('761', '760', 'f'),
('762', '761', 'f'),
('763', '762', 'f'),
('764', '763', 'f'),
('765', '764', 'f'),
('766', '765', 'f'),
('767', '766', 'f'),
('768', '767', 'f'),
('769', '768', 'f'),
('770', '769', 'f'),
('771', '770', 'f'),
('772', '771', 'f'),
('773', '772', 'f'),
('774', '773', 'f'),
('775', '774', 'f'),
('776', '775', 'f'),
('777', '776', 'f'),
('778', '777', 'f'),
('779', '778', 'f'),
('780', '779', 'f'),
('781', '780', 'f'),
('782', '781', 'f'),
('783', '782', 'f'),
('784', '783', 'f'),
('785', '784', 'f'),
('786', '785', 'f'),
('787', '786', 'f'),
('788', '787', 'f'),
('789', '788', 'f'),
('790', '789', 'f'),
('791', '790', 'f'),
('792', '791', 'f'),
('793', '792', 'f'),
('794', '793', 'f'),
('795', '794', 'f'),
('796', '795', 'f'),
('797', '796', 'f'),
('798', '797', 'f'),
('799', '798', 'f'),
('800', '799', 'f'),
('801', '800', 'f'),
('802', '801', 'f'),
('803', '802', 'f'),
('804', '803', 'f'),
('805', '804', 'f'),
('806', '805', 'f'),
('807', '806', 'f'),
('808', '807', 'f'),
('809', '808', 'f'),
('810', '809', 'f'),
('811', '810', 'f'),
('812', '811', 'f'),
('813', '812', 'f'),
('814', '813', 'f'),
('815', '814', 'f'),
('816', '815', 'f'),
('817', '816', 'f'),
('818', '817', 'f'),
('819', '818', 'f'),
('820', '819', 'f'),
('821', '820', 'f'),
('822', '821', 'f'),
('823', '822', 'f'),
('824', '823', 'f'),
('825', '824', 'f'),
('826', '825', 'f'),
('827', '826', 'f'),
('828', '827', 'f'),
('829', '828', 'f'),
('830', '829', 'f'),
('831', '830', 'f'),
('832', '831', 'f'),
('833', '832', 'f'),
('834', '833', 'f'),
('835', '834', 'f'),
('836', '835', 'f'),
('837', '836', 'f'),
('838', '837', 'f'),
('839', '838', 'f'),
('840', '839', 'f'),
('841', '840', 'f'),
('842', '841', 'f'),
('843', '842', 'f'),
('844', '843', 'f'),
('845', '844', 'f'),
('846', '845', 'f'),
('847', '846', 'f'),
('848', '847', 'f'),
('849', '848', 'f'),
('850', '849', 'f'),
('851', '850', 'f'),
('852', '851', 'f'),
('853', '852', 'f'),
('854', '853', 'f'),
('855', '854', 'f'),
('856', '855', 'f'),
('857', '856', 'f'),
('858', '857', 'f'),
('859', '858', 'f'),
('860', '859', 'f'),
('861', '860', 'f'),
('862', '861', 'f'),
('863', '862', 'f'),
('864', '863', 'f'),
('865', '864', 'f'),
('866', '865', 'f'),
('867', '866', 'f'),
('868', '867', 'f'),
('869', '868', 'f'),
('870', '869', 'f'),
('871', '870', 'f'),
('872', '871', 'f'),
('873', '872', 'f'),
('874', '873', 'f'),
('875', '874', 'f'),
('876', '875', 'f'),
('877', '876', 'f'),
('878', '877', 'f'),
('879', '878', 'f'),
('880', '879', 'f'),
('881', '880', 'f'),
('882', '881', 'f'),
('883', '882', 'f'),
('884', '883', 'f'),
('885', '884', 'f'),
('886', '885', 'f'),
('887', '886', 'f'),
('888', '887', 'f'),
('889', '888', 'f'),
('890', '889', 'f'),
('891', '890', 'f'),
('892', '891', 'f'),
('893', '892', 'f'),
('894', '893', 'f'),
('895', '894', 'f'),
('896', '895', 'f'),
('897', '896', 'f'),
('898', '897', 'f'),
('899', '898', 'f'),
('900', '899', 'f'),
('901', '900', 'f'),
('902', '901', 'f'),
('903', '902', 'f'),
('904', '903', 'f'),
('905', '904', 'f'),
('906', '905', 'f'),
('907', '906', 'f'),
('908', '907', 'f'),
('909', '908', 'f'),
('910', '909', 'f'),
('911', '910', 'f'),
('912', '911', 'f'),
('913', '912', 'f'),
('914', '913', 'f'),
('915', '914', 'f'),
('916', '915', 'f'),
('917', '916', 'f'),
('918', '917', 'f'),
('919', '918', 'f'),
('920', '919', 'f'),
('921', '920', 'f'),
('922', '921', 'f'),
('923', '922', 'f'),
('924', '923', 'f'),
('925', '924', 'f'),
('926', '925', 'f'),
('927', '926', 'f'),
('928', '927', 'f'),
('929', '928', 'f'),
('930', '929', 'f'),
('931', '930', 'f'),
('932', '931', 'f'),
('933', '932', 'f'),
('934', '933', 'f'),
('935', '934', 'f'),
('936', '935', 'f'),
('937', '936', 'f'),
('938', '937', 'f'),
('939', '938', 'f'),
('940', '939', 'f'),
('941', '940', 'f'),
('942', '941', 'f'),
('943', '942', 'f'),
('944', '943', 'f'),
('945', '944', 'f'),
('946', '945', 'f'),
('947', '946', 'f'),
('948', '947', 'f'),
('949', '948', 'f'),
('950', '949', 'f'),
('951', '950', 'f'),
('952', '951', 'f'),
('953', '952', 'f'),
('954', '953', 'f'),
('955', '954', 'f'),
('956', '955', 'f'),
('957', '956', 'f'),
('958', '957', 'f'),
('959', '958', 'f'),
('960', '959', 'f'),
('961', '960', 'f'),
('962', '961', 'f'),
('963', '962', 'f'),
('964', '963', 'f'),
('965', '964', 'f'),
('966', '965', 'f'),
('967', '966', 'f'),
('968', '967', 'f'),
('969', '968', 'f'),
('970', '969', 'f'),
('971', '970', 'f'),
('972', '971', 'f'),
('973', '972', 'f'),
('974', '973', 'f'),
('975', '974', 'f'),
('976', '975', 'f'),
('977', '976', 'f'),
('978', '977', 'f'),
('979', '978', 'f'),
('980', '979', 'f'),
('981', '980', 'f'),
('982', '981', 'f'),
('983', '982', 'f'),
('984', '983', 'f'),
('985', '984', 'f'),
('986', '985', 'f'),
('987', '986', 'f'),
('988', '987', 'f'),
('989', '988', 'f'),
('990', '989', 'f'),
('991', '990', 'f'),
('992', '991', 'f'),
('993', '992', 'f'),
('994', '993', 'f'),
('995', '994', 'f'),
('996', '995', 'f'),
('997', '996', 'f'),
('998', '997', 'f'),
('999', '998', 'f'),
('1000', '999', 'f'),
('1001', '1000', 'f'),
('1002', '1001', 'f'),
('1003', '1002', 'f'),
('1004', '1003', 'f'),
('1005', '1004', 'f'),
('1006', '1005', 'f');

INSERT INTO "public"."volunteers_skills" ("id", "id_volunteer", "id_skill", "deleted") VALUES
('2', '465', '50', 'f'),
('3', '175', '35', 'f'),
('4', '169', '12', 'f'),
('5', '463', '50', 'f'),
('6', '276', '18', 'f'),
('7', '304', '35', 'f'),
('8', '485', '24', 'f'),
('9', '27', '49', 'f'),
('10', '173', '41', 'f'),
('11', '325', '40', 'f'),
('12', '909', '8', 'f'),
('13', '778', '24', 'f'),
('14', '284', '7', 'f'),
('15', '104', '40', 'f'),
('16', '678', '42', 'f'),
('17', '104', '27', 'f'),
('18', '788', '36', 'f'),
('19', '528', '10', 'f'),
('20', '957', '36', 'f'),
('21', '764', '35', 'f'),
('22', '161', '31', 'f'),
('23', '471', '27', 'f'),
('24', '558', '23', 'f'),
('25', '603', '10', 'f'),
('26', '251', '12', 'f'),
('27', '586', '16', 'f'),
('28', '65', '20', 'f'),
('29', '272', '28', 'f'),
('30', '459', '27', 'f'),
('31', '81', '24', 'f'),
('32', '762', '16', 'f'),
('33', '557', '34', 'f'),
('34', '124', '16', 'f'),
('35', '487', '10', 'f'),
('36', '65', '30', 'f'),
('37', '241', '26', 'f'),
('38', '55', '9', 'f'),
('39', '447', '27', 'f'),
('40', '103', '49', 'f'),
('41', '665', '38', 'f'),
('42', '792', '8', 'f'),
('43', '659', '41', 'f'),
('44', '336', '34', 'f'),
('45', '951', '27', 'f'),
('46', '600', '8', 'f'),
('47', '407', '21', 'f'),
('48', '958', '43', 'f'),
('49', '227', '43', 'f'),
('50', '901', '48', 'f'),
('51', '36', '34', 'f'),
('52', '148', '12', 'f'),
('53', '571', '48', 'f'),
('54', '617', '27', 'f'),
('55', '641', '14', 'f'),
('56', '805', '37', 'f'),
('57', '545', '22', 'f'),
('58', '918', '29', 'f'),
('60', '870', '33', 'f'),
('61', '928', '33', 'f'),
('62', '431', '13', 'f'),
('63', '265', '16', 'f'),
('64', '701', '48', 'f'),
('65', '418', '20', 'f'),
('66', '510', '17', 'f'),
('67', '389', '24', 'f'),
('68', '899', '11', 'f'),
('69', '957', '23', 'f'),
('70', '522', '6', 'f'),
('71', '658', '33', 'f'),
('72', '512', '50', 'f'),
('73', '288', '13', 'f'),
('74', '681', '25', 'f'),
('75', '28', '47', 'f'),
('76', '81', '45', 'f'),
('77', '279', '6', 'f'),
('78', '994', '48', 'f'),
('79', '393', '14', 'f'),
('80', '763', '35', 'f'),
('81', '780', '41', 'f'),
('82', '137', '32', 'f'),
('83', '791', '22', 'f'),
('84', '921', '34', 'f'),
('85', '751', '41', 'f'),
('86', '749', '3', 'f'),
('87', '528', '7', 'f'),
('88', '652', '10', 'f'),
('90', '230', '38', 'f'),
('91', '857', '33', 'f'),
('92', '351', '20', 'f'),
('93', '794', '37', 'f'),
('94', '837', '49', 'f'),
('95', '342', '43', 'f'),
('96', '949', '18', 'f'),
('97', '413', '50', 'f'),
('98', '392', '33', 'f'),
('99', '132', '25', 'f'),
('100', '679', '42', 'f'),
('101', '595', '26', 'f'),
('102', '196', '41', 'f'),
('103', '37', '41', 'f'),
('104', '974', '27', 'f'),
('105', '964', '21', 'f'),
('106', '547', '5', 'f'),
('107', '339', '13', 'f'),
('108', '466', '17', 'f'),
('109', '408', '11', 'f'),
('110', '779', '43', 'f'),
('111', '794', '27', 'f'),
('112', '210', '10', 'f'),
('113', '277', '21', 'f'),
('114', '195', '21', 'f'),
('115', '503', '7', 'f'),
('116', '41', '27', 'f'),
('117', '838', '15', 'f'),
('118', '834', '7', 'f'),
('119', '360', '19', 'f'),
('120', '925', '27', 'f'),
('121', '531', '25', 'f'),
('122', '330', '18', 'f'),
('124', '382', '50', 'f'),
('125', '415', '45', 'f'),
('126', '552', '7', 'f'),
('127', '998', '4', 'f'),
('128', '55', '28', 'f'),
('129', '98', '31', 'f'),
('130', '889', '28', 'f'),
('131', '891', '16', 'f'),
('132', '283', '30', 'f'),
('133', '579', '29', 'f'),
('134', '410', '29', 'f'),
('136', '299', '38', 'f'),
('137', '716', '32', 'f'),
('138', '262', '43', 'f'),
('139', '466', '8', 'f'),
('141', '591', '37', 'f'),
('142', '565', '34', 'f'),
('143', '869', '28', 'f'),
('144', '392', '15', 'f'),
('145', '595', '27', 'f'),
('146', '213', '50', 'f'),
('148', '786', '30', 'f'),
('149', '275', '15', 'f'),
('150', '447', '4', 'f'),
('151', '563', '4', 'f'),
('152', '794', '36', 'f'),
('153', '898', '21', 'f'),
('154', '896', '13', 'f'),
('155', '353', '41', 'f'),
('156', '710', '30', 'f'),
('157', '292', '3', 'f'),
('158', '930', '30', 'f'),
('159', '326', '44', 'f'),
('160', '169', '37', 'f'),
('161', '81', '21', 'f'),
('162', '673', '33', 'f'),
('163', '56', '43', 'f'),
('164', '817', '5', 'f'),
('165', '984', '25', 'f'),
('166', '171', '21', 'f'),
('167', '453', '35', 'f'),
('168', '994', '30', 'f'),
('169', '989', '29', 'f'),
('170', '486', '42', 'f'),
('171', '946', '36', 'f'),
('172', '916', '48', 'f'),
('173', '274', '6', 'f'),
('174', '574', '33', 'f'),
('175', '800', '34', 'f'),
('176', '458', '41', 'f'),
('177', '583', '45', 'f'),
('178', '593', '14', 'f'),
('179', '111', '41', 'f'),
('180', '405', '12', 'f'),
('181', '745', '44', 'f'),
('182', '290', '30', 'f'),
('183', '225', '21', 'f'),
('184', '844', '26', 'f'),
('185', '359', '48', 'f'),
('186', '648', '23', 'f'),
('187', '507', '45', 'f'),
('188', '607', '21', 'f'),
('189', '83', '48', 'f'),
('190', '574', '35', 'f'),
('191', '659', '17', 'f'),
('192', '962', '9', 'f'),
('193', '595', '44', 'f'),
('194', '96', '12', 'f'),
('195', '388', '9', 'f'),
('196', '848', '4', 'f'),
('197', '340', '32', 'f'),
('198', '488', '7', 'f'),
('199', '586', '35', 'f'),
('200', '335', '3', 'f'),
('201', '394', '36', 'f'),
('202', '82', '23', 'f'),
('203', '360', '39', 'f'),
('204', '787', '16', 'f'),
('205', '285', '41', 'f'),
('206', '852', '21', 'f'),
('207', '364', '8', 'f'),
('208', '429', '12', 'f'),
('209', '896', '50', 'f'),
('210', '795', '7', 'f'),
('211', '135', '30', 'f'),
('212', '55', '41', 'f'),
('213', '965', '19', 'f'),
('214', '939', '50', 'f'),
('215', '879', '39', 'f'),
('216', '55', '21', 'f'),
('217', '738', '22', 'f'),
('218', '380', '33', 'f'),
('219', '618', '35', 'f'),
('220', '112', '11', 'f'),
('221', '530', '50', 'f'),
('222', '500', '4', 'f'),
('223', '752', '23', 'f'),
('224', '746', '50', 'f'),
('226', '478', '37', 'f'),
('227', '944', '44', 'f'),
('228', '199', '9', 'f'),
('229', '416', '33', 'f'),
('230', '733', '3', 'f'),
('231', '178', '50', 'f'),
('232', '456', '50', 'f'),
('233', '470', '36', 'f'),
('234', '450', '14', 'f'),
('235', '311', '20', 'f'),
('236', '905', '3', 'f'),
('237', '989', '50', 'f'),
('238', '860', '46', 'f'),
('239', '79', '25', 'f'),
('240', '520', '45', 'f'),
('241', '90', '16', 'f'),
('242', '956', '3', 'f'),
('243', '261', '44', 'f'),
('244', '137', '49', 'f'),
('245', '369', '3', 'f'),
('246', '825', '36', 'f'),
('247', '513', '23', 'f'),
('248', '452', '30', 'f'),
('249', '745', '47', 'f'),
('250', '210', '14', 'f'),
('251', '10', '38', 'f');

ALTER TABLE "public"."emergencies" ADD FOREIGN KEY ("id_status") REFERENCES "public"."status"("id") ON DELETE CASCADE;
ALTER TABLE "public"."emergencies" ADD FOREIGN KEY ("id_institution") REFERENCES "public"."institutions"("id") ON DELETE CASCADE;
ALTER TABLE "public"."emergency_skills" ADD FOREIGN KEY ("id_skill") REFERENCES "public"."skills"("id") ON DELETE CASCADE;
ALTER TABLE "public"."emergency_skills" ADD FOREIGN KEY ("id_emergency") REFERENCES "public"."emergencies"("id") ON DELETE CASCADE;
ALTER TABLE "public"."emergency_skills_tasks" ADD FOREIGN KEY ("id_task") REFERENCES "public"."tasks"("id") ON DELETE CASCADE;
ALTER TABLE "public"."emergency_skills_tasks" ADD FOREIGN KEY ("id_eme_skills") REFERENCES "public"."emergency_skills"("id") ON DELETE CASCADE;
ALTER TABLE "public"."rankings" ADD FOREIGN KEY ("id_volunteer") REFERENCES "public"."volunteers"("id") ON DELETE CASCADE;
ALTER TABLE "public"."rankings" ADD FOREIGN KEY ("id_task") REFERENCES "public"."tasks"("id") ON DELETE CASCADE;
ALTER TABLE "public"."task_update" ADD FOREIGN KEY ("id_task") REFERENCES "public"."tasks"("id") ON DELETE CASCADE;
ALTER TABLE "public"."tasks" ADD FOREIGN KEY ("id_emergency") REFERENCES "public"."emergencies"("id") ON DELETE CASCADE;
ALTER TABLE "public"."tasks" ADD FOREIGN KEY ("id_status") REFERENCES "public"."status"("id") ON DELETE CASCADE;
ALTER TABLE "public"."volunteers" ADD FOREIGN KEY ("id_user") REFERENCES "public"."users"("id") ON DELETE CASCADE;
ALTER TABLE "public"."volunteers_skills" ADD FOREIGN KEY ("id_skill") REFERENCES "public"."skills"("id") ON DELETE CASCADE;
ALTER TABLE "public"."volunteers_skills" ADD FOREIGN KEY ("id_volunteer") REFERENCES "public"."volunteers"("id") ON DELETE CASCADE;
